
<extra>
	<ROOT>
		<sheetTitle>T3SB</sheetTitle>
		<sheetShortDescr>Added by EXT:t3sbootstrap</sheetShortDescr>
		<sheetDescription>Be sure to save, after changing the template layout!</sheetDescription>
		<type>array</type>
		<el>
			<settings.list.cardDeck.rowColClass>
				<label>Use the Bootstrap grid system and its .row-cols classes for "Grid Cards"</label>
				<description>INFO: https://getbootstrap.com/docs/5.3/components/card/#grid-cards &#xA; Default: row-cols-1 row-cols-md-3 row-cols-lg-4 g-4</description>
					<displayCond>FIELD:template.settings.templateLayout:=:72</displayCond>
				<config>
					<type>input</type>
					<size>25</size>
					<required>true</required>
					<default>row-cols-1 row-cols-md-3 row-cols-lg-4 g-4</default>
				</config>
			</settings.list.cardDeck.rowColClass>
			<settings.list.masonry.class>
				<label>Use the Bootstrap responsive grid for "Masonry"</label>
				<description>INFO: https://getbootstrap.com/docs/5.1/examples/masonry/ &#xA; Default: col-xs-12 col-sm-6 col-lg-3 mb-3</description>
					<displayCond>FIELD:template.settings.templateLayout:=:74</displayCond>
				<config>
					<type>input</type>
					<size>25</size>
					<required>true</required>
					<default>col-xs-12 col-sm-6 col-lg-3 mb-3</default>
				</config>
			</settings.list.masonry.class>
			<settings.list.imageRatio>
				<label>Image ratio for List view - e.g. 16:9, 4:3 or any other - disabled if empty</label>
				<displayCond>
					<or>
						<numIndex index="0">FIELD:template.settings.templateLayout:=:71</numIndex>
						<numIndex index="1">FIELD:template.settings.templateLayout:=:72</numIndex>
						<numIndex index="2">FIELD:template.settings.templateLayout:=:73</numIndex>
						<numIndex index="3">FIELD:template.settings.templateLayout:=:74</numIndex>
						<numIndex index="4">FIELD:template.settings.templateLayout:=:75</numIndex>
					</or>
				</displayCond>
				<config>
					<type>input</type>
					<size>5</size>
					<eval>trim</eval>
					<default>16:9</default>
				</config>
			</settings.list.imageRatio>
			<settings.list.info>
				<label>Date, Categories, Author etc. in List view</label>
				<displayCond>
					<or>
						<numIndex index="0">FIELD:template.settings.templateLayout:=:71</numIndex>
						<numIndex index="1">FIELD:template.settings.templateLayout:=:72</numIndex>
						<numIndex index="2">FIELD:template.settings.templateLayout:=:73</numIndex>
						<numIndex index="3">FIELD:template.settings.templateLayout:=:74</numIndex>
						<numIndex index="4">FIELD:template.settings.templateLayout:=:75</numIndex>
					</or>
				</displayCond>
				<config>
					<type>check</type>
				</config>
			</settings.list.info>
			<settings.list.mobile.imageOverlay>
				<label>Image mobile overlay (list view): if &lt; 576px for Card-Templates only</label>
				<displayCond>
					<or>
						<numIndex index="1">FIELD:template.settings.templateLayout:=:72</numIndex>
						<numIndex index="2">FIELD:template.settings.templateLayout:=:73</numIndex>
						<numIndex index="3">FIELD:template.settings.templateLayout:=:74</numIndex>
					</or>
				</displayCond>
				<config>
					<type>check</type>
				</config>
			</settings.list.mobile.imageOverlay>
			<settings.dummyImageUid>
				<label>UID of content element with custom dummy image (assets or image).</label>
				<displayCond>
					<or>
						<numIndex index="0">FIELD:template.settings.templateLayout:=:71</numIndex>
						<numIndex index="1">FIELD:template.settings.templateLayout:=:72</numIndex>
						<numIndex index="2">FIELD:template.settings.templateLayout:=:73</numIndex>
						<numIndex index="3">FIELD:template.settings.templateLayout:=:74</numIndex>
						<numIndex index="4">FIELD:template.settings.templateLayout:=:75</numIndex>
					</or>
				</displayCond>
				<config>
					<type>number</type>
					<size>5</size>
					<default></default>
				</config>
			</settings.dummyImageUid>

			<!-- Detail PlugIn -->

			<settings.detail.imageRatio>
				<label>Image ratio - Detail view - e.g. 16:9, 4:3 or any other - disabled if empty</label>
					<displayCond>FIELD:template.settings.templateLayout:=:81</displayCond>
				<config>
					<type>input</type>
					<size>5</size>
					<eval>trim</eval>
					<default>16:9</default>
				</config>
			</settings.detail.imageRatio>
			<settings.detail.info>
				<label>Date, Categories, Author etc. - Detail view</label>
					<displayCond>FIELD:template.settings.templateLayout:=:81</displayCond>
				<config>
					<type>check</type>
				</config>
			</settings.detail.info>
			<settings.detail.mediaOnTop>
				<label>Media on top - Detail view</label>
					<displayCond>FIELD:template.settings.templateLayout:=:81</displayCond>
				<config>
					<type>check</type>
				</config>
			</settings.detail.mediaOnTop>
			  <settings.detail.leftGrid>
				  <label>Grid for the left column (only if media) - Detail view</label>
					<displayCond>FIELD:template.settings.templateLayout:=:81</displayCond>
				  <config>
					  <type>number</type>
					  <size>5</size>
					  <default>7</default>
				  </config>
			  </settings.detail.leftGrid>
			  <settings.detail.teaser.class>
				  <label>Class for the teaser (e.g.: lead) - Detail view</label>
					<displayCond>FIELD:template.settings.templateLayout:=:81</displayCond>
				  <config>
					  <type>input</type>
					  <size>5</size>
					  <eval>trim</eval>
					  <default>lead</default>
				  </config>
			  </settings.detail.teaser.class>
			<settings.detail.lightbox.enabled>
				<label>Enable lightbox - Detail view</label>
					<displayCond>FIELD:template.settings.templateLayout:=:81</displayCond>
				<config>
					<type>check</type>
					<default>1</default>
				</config>
			</settings.detail.lightbox.enabled>
			<settings.detail.carousel>
				<label>Carousel if more than one image - Detail view</label>
					<displayCond>FIELD:template.settings.templateLayout:=:81</displayCond>
				<config>
					<type>check</type>
					<default>1</default>
				</config>
			</settings.detail.carousel>
			<settings.button.class>
				<label>Utility class for buttons</label>
				<displayCond>FIELD:template.settings.templateLayout:=:81</displayCond>
				<config>
					<type>select</type>
					<renderType>selectSingle</renderType>
					<items type="array">
						<numIndex index="0" type="array">
							<numIndex index="label">LLL:EXT:t3sbootstrap/Resources/Private/Language/locallang_be.xlf:secondary</numIndex>
							<numIndex index="value">secondary</numIndex>
						</numIndex>
						<numIndex index="1" type="array">
							<numIndex index="label">LLL:EXT:t3sbootstrap/Resources/Private/Language/locallang_be.xlf:primary</numIndex>
							<numIndex index="value">primary</numIndex>
						</numIndex>
						<numIndex index="2" type="array">
							<numIndex index="label">LLL:EXT:t3sbootstrap/Resources/Private/Language/locallang_be.xlf:success</numIndex>
							<numIndex index="value">success</numIndex>
						</numIndex>
						<numIndex index="3" type="array">
							<numIndex index="label">LLL:EXT:t3sbootstrap/Resources/Private/Language/locallang_be.xlf:info</numIndex>
							<numIndex index="value">info</numIndex>
						</numIndex>
						<numIndex index="4" type="array">
							<numIndex index="label">LLL:EXT:t3sbootstrap/Resources/Private/Language/locallang_be.xlf:warning</numIndex>
							<numIndex index="value">warning</numIndex>
						</numIndex>
						<numIndex index="5" type="array">
							<numIndex index="label">LLL:EXT:t3sbootstrap/Resources/Private/Language/locallang_be.xlf:danger</numIndex>
							<numIndex index="value">danger</numIndex>
						</numIndex>
						<numIndex index="6" type="array">
							<numIndex index="label">Light</numIndex>
							<numIndex index="value">light</numIndex>
						</numIndex>
						<numIndex index="7" type="array">
							<numIndex index="label">Dark</numIndex>
							<numIndex index="value">dark</numIndex>
						</numIndex>
						<numIndex index="8" type="array">
							<numIndex index="label">White</numIndex>
							<numIndex index="value">white</numIndex>
						</numIndex>
					</items>
					<default>primary</default>
				</config>
			</settings.button.class>
		</el>
	</ROOT>
</extra>
