{
	"bmi-installation" : null,
	"compiler-frontend-variant" : "MSVC",
	"compiler-id" : "MSVC",
	"compiler-simulate-id" : "",
	"config" : "Debug",
	"cxx-modules" : {},
	"dir-cur-bld" : "C:/Users/CSL/source/repos/Github/Jetbrains/\u00dcbungen/Strings/cmake-build-debug",
	"dir-cur-src" : "C:/Users/CSL/source/repos/Github/Jetbrains/\u00dcbungen/Strings",
	"dir-top-bld" : "C:/Users/CSL/source/repos/Github/Jetbrains/\u00dcbungen/Strings/cmake-build-debug",
	"dir-top-src" : "C:/Users/CSL/source/repos/Github/Jetbrains/\u00dcbungen/Strings",
	"exports" : [],
	"forward-modules-from-target-dirs" : [],
	"include-dirs" : [],
	"language" : "CXX",
	"linked-target-dirs" : [],
	"module-dir" : "C:/Users/CSL/source/repos/Github/Jetbrains/\u00dcbungen/Strings/cmake-build-debug/CMakeFiles/Strings.dir"
}