<T3DataStructure>
	<sheets>
		<sDEF>
			<ROOT>
				<sheetTitle>Utility Settings</sheetTitle>
				<type>array</type>
				<el>
					<gridSystem>
						<label>Auto-layout</label>
						<onChange>reload</onChange>
						<displayCond>USER:T3SBS\T3sbootstrap\UserFunction\TcaMatcher->autoLayoutParent</displayCond>
						<config>
							<type>select</type>
							<renderType>selectSingle</renderType>
							<items>
								<numIndex index="0">
									<label>no .col</label>
									<value>none</value>
								</numIndex>
								<numIndex index="1">
									<label>Equal-width</label>
									<value>equal</value>
								</numIndex>
								<numIndex index="2">
									<label>Column width</label>
									<value>column</value>
								</numIndex>
								<numIndex index="3">
									<label>Variable width content</label>
									<value>variable</value>
								</numIndex>
							</items>
							<default>equal</default>
							<size>10</size>
						</config>
					</gridSystem>
					<newLine>
						<label>New line (break to a new line for multiple rows after this col)</label>
						<displayCond>USER:T3SBS\T3sbootstrap\UserFunction\TcaMatcher->autoLayoutParent</displayCond>
						<config>
							<type>check</type>
						</config>
					</newLine>
					<alignSelf>
						<label>Align self</label>
						 <displayCond>
						   <or>
								<numIndex index="0">USER:T3SBS\T3sbootstrap\UserFunction\TcaMatcher->autoLayoutParent</numIndex>
								<numIndex index="1">USER:T3SBS\T3sbootstrap\UserFunction\TcaMatcher->flexContainerParent</numIndex>
						   </or>
						 </displayCond>
						<config>
							<type>select</type>
							<renderType>selectSingle</renderType>
							<items>
								<numIndex index="0">
									<label>none</label>
									<value></value>
								</numIndex>
								<numIndex index="1">
									<label>start</label>
									<value>start</value>
								</numIndex>
								<numIndex index="2">
									<label>end</label>
									<value>end</value>
								</numIndex>
								<numIndex index="3">
									<label>center</label>
									<value>center</value>
								</numIndex>
							</items>
							<default></default>
						</config>
					</alignSelf>
					<responsiveVariations>
						<label>Responsive Variations</label>
							 <displayCond>
							   <or>
									<numIndex index="0">USER:T3SBS\T3sbootstrap\UserFunction\TcaMatcher->autoLayoutParent</numIndex>
									<numIndex index="1">USER:T3SBS\T3sbootstrap\UserFunction\TcaMatcher->flexContainerParent</numIndex>
							   </or>
							 </displayCond>
						<config>
							<type>select</type>
							<renderType>selectSingle</renderType>
							<items>
								<numIndex index="0">
									<label>none</label>
									<value></value>
								</numIndex>
								<numIndex index="1">
									<label>xs</label>
									<value>xs</value>
								</numIndex>
								<numIndex index="2">
									<label>sm</label>
									<value>sm</value>
								</numIndex>
								<numIndex index="3">
									<label>md</label>
									<value>md</value>
								</numIndex>
								<numIndex index="4">
									<label>lg</label>
									<value>lg</value>
								</numIndex>
								<numIndex index="5">
									<label>xl</label>
									<value>xl</value>
								</numIndex>
								<numIndex index="6">
									<label>xxl</label>
									<value>xxl</value>
								</numIndex>
							</items>
							<default></default>
							<size>1</size>
						</config>
					</responsiveVariations>
					<autoMargins>
						<label>Auto margins</label>
						<displayCond>USER:T3SBS\T3sbootstrap\UserFunction\TcaMatcher->flexContainerParent</displayCond>
						<config>
							<type>select</type>
							<renderType>selectSingle</renderType>
							<items>
								<numIndex index="0">
									<label>none</label>
									<value></value>
								</numIndex>
								<numIndex index="1">
									<label>right</label>
									<value>me</value>
								</numIndex>
								<numIndex index="2">
									<label>left</label>
									<value>ms</value>
								</numIndex>
								<numIndex index="3">
									<label>top</label>
									<value>mt</value>
								</numIndex>
								<numIndex index="4">
									<label>bottom</label>
									<value>mb</value>
								</numIndex>
							</items>
							<default></default>
						</config>
					</autoMargins>
					<order>
						<label>Order</label>
						<displayCond>USER:T3SBS\T3sbootstrap\UserFunction\TcaMatcher->flexContainerParent</displayCond>
						<config>
							<type>select</type>
							<renderType>selectSingle</renderType>
							<items>
								<numIndex index="0">
									<label>none</label>
									<value></value>
								</numIndex>
								<numIndex index="1">
									<label>1</label>
									<value>1</value>
								</numIndex>
								<numIndex index="2">
									<label>2</label>
									<value>2</value>
								</numIndex>
								<numIndex index="3">
									<label>3</label>
									<value>3</value>
								</numIndex>
								<numIndex index="4">
									<label>4</label>
									<value>4</value>
								</numIndex>
								<numIndex index="5">
									<label>5</label>
									<value>5</value>
								</numIndex>
								<numIndex index="6">
									<label>6</label>
									<value>6</value>
								</numIndex>
								<numIndex index="7">
									<label>7</label>
									<value>7</value>
								</numIndex>
								<numIndex index="8">
									<label>8</label>
									<value>8</value>
								</numIndex>
								<numIndex index="9">
									<label>9</label>
									<value>9</value>
								</numIndex>
								<numIndex index="10">
									<label>10</label>
									<value>10</value>
								</numIndex>
								<numIndex index="11">
									<label>11</label>
									<value>11</value>
								</numIndex>
								<numIndex index="12">
									<label>12</label>
									<value>12</value>
								</numIndex>
							</items>
							<default></default>
							<size>1</size>
						</config>
					</order>
					<hidden>
						<label>Hiding / Display Elements</label>
						<config>
							<type>select</type>
							<renderType>selectSingle</renderType>
							<items>
								<numIndex index="0">
									<label>none</label>
									<value>0</value>
								</numIndex>
								<numIndex index="1">
									<label>Hidden only on xs</label>
									<value>d-none d-sm-block</value>
								</numIndex>
								<numIndex index="2">
									<label>Hidden on sm and down</label>
									<value>d-none d-md-block</value>
								</numIndex>
								<numIndex index="3">
									<label>Hidden on md and down</label>
									<value>d-none d-lg-block</value>
								</numIndex>
								<numIndex index="4">
									<label>Hidden on lg and down</label>
									<value>d-none d-xl-block</value>
								</numIndex>
								<numIndex index="5">
									<label>Hidden only on xl</label>
									<value>d-xl-none</value>
								</numIndex>
								<numIndex index="6">
									<label>Visible only on xs</label>
									<value>d-block d-sm-none</value>
								</numIndex>
								<numIndex index="7">
									<label>Visible sm and down</label>
									<value>d-block d-md-none</value>
								</numIndex>
								<numIndex index="8">
									<label>Visible md and down</label>
									<value>d-block d-lg-none</value>
								</numIndex>
								<numIndex index="9">
									<label>Visible lg and down</label>
									<value>d-block d-xl-none</value>
								</numIndex>
							</items>
							<default>0</default>
						</config>
					</hidden>
					<border>
						<label>Border</label>
						<onChange>reload</onChange>
						<config>
							<type>select</type>
							<renderType>selectSingle</renderType>
							<items>
								<numIndex index="0">
									<label>none</label>
									<value>0</value>
								</numIndex>
								<numIndex index="1">
									<label>border</label>
									<value>border</value>
								</numIndex>
								<numIndex index="2">
									<label>border - remove top</label>
									<value>border-top-0</value>
								</numIndex>
								<numIndex index="3">
									<label>border - remove right</label>
									<value>border-end-0</value>
								</numIndex>
								<numIndex index="4">
									<label>border - remove bottom</label>
									<value>border-bottom-0</value>
								</numIndex>
								<numIndex index="5">
									<label>border - remove left</label>
									<value>border-start-0</value>
								</numIndex>
							</items>
							<default>0</default>
						</config>
					</border>
					<borderstyle>
						<label>Predefined border styles</label>
						<displayCond>FIELD:sDEF.border:!=:0</displayCond>
						<config>
							<type>select</type>
							<renderType>selectSingle</renderType>
							<items>
								<numIndex index="0">
									<label>LLL:EXT:t3sbootstrap/Resources/Private/Language/locallang_be.xlf:secondary</label>
									<value>secondary</value>
								</numIndex>
								<numIndex index="1">
									<label>LLL:EXT:t3sbootstrap/Resources/Private/Language/locallang_be.xlf:primary</label>
									<value>primary</value>
								</numIndex>
								<numIndex index="2">
									<label>LLL:EXT:t3sbootstrap/Resources/Private/Language/locallang_be.xlf:success</label>
									<value>success</value>
								</numIndex>
								<numIndex index="3">
									<label>LLL:EXT:t3sbootstrap/Resources/Private/Language/locallang_be.xlf:info</label>
									<value>info</value>
								</numIndex>
								<numIndex index="4">
									<label>LLL:EXT:t3sbootstrap/Resources/Private/Language/locallang_be.xlf:warning</label>
									<value>warning</value>
								</numIndex>
								<numIndex index="5">
									<label>LLL:EXT:t3sbootstrap/Resources/Private/Language/locallang_be.xlf:danger</label>
									<value>danger</value>
								</numIndex>
								<numIndex index="6">
									<label>Light</label>
									<value>light</value>
								</numIndex>
								<numIndex index="7">
									<label>Dark</label>
									<value>dark</value>
								</numIndex>
								<numIndex index="8">
									<label>White</label>
									<value>white</value>
								</numIndex>
							</items>
							<default>secondary</default>
						</config>
					</borderstyle>
					<borderradius>
						<label>Predefined border radius</label>
						<displayCond>FIELD:sDEF.border:!=:0</displayCond>
						<config>
							<type>select</type>
							<renderType>selectSingle</renderType>
							<items>
								<numIndex index="0">
									<label>none</label>
									<value>0</value>
								</numIndex>
								<numIndex index="1">
									<label>rounded</label>
									<value>rounded</value>
								</numIndex>
								<numIndex index="2">
									<label>rounded-top</label>
									<value>rounded-top</value>
								</numIndex>
								<numIndex index="3">
									<label>rounded-right</label>
									<value>rounded-end</value>
								</numIndex>
								<numIndex index="4">
									<label>rounded-bottom</label>
									<value>rounded-bottom</value>
								</numIndex>
								<numIndex index="5">
									<label>rounded-left</label>
									<value>rounded-start</value>
								</numIndex>
								<numIndex index="6">
									<label>rounded-circle</label>
									<value>rounded-circle</value>
								</numIndex>
								<numIndex index="7">
									<label>rounded-pill</label>
									<value>rounded-pill</value>
								</numIndex>
							</items>
							<default>0</default>
						</config>
					</borderradius>
					<menudirection>
						<label>Menu in a column or row</label>
						<onChange>reload</onChange>
						<displayCond>USER:T3SBS\T3sbootstrap\UserFunction\TcaMatcher->isMenu</displayCond>
						<config>
							<type>select</type>
							<renderType>selectSingle</renderType>
							<items>
								<numIndex index="0">
									<label>default (flex-row)</label>
									<value>flex-row</value>
								</numIndex>
								<numIndex index="1">
									<label>column (flex-column)</label>
									<value>flex-column</value>
								</numIndex>
							</items>
							<default>flex-column</default>
						</config>
					</menudirection>
					<menuHorizontalAlignment>
						<label>Menu Horizontal Alignment (for flex-row only)</label>
						 <displayCond>
							  <and>
								<numIndex index="0">USER:T3SBS\T3sbootstrap\UserFunction\TcaMatcher->isMenu</numIndex>
								<numIndex index="1">FIELD:sDEF.menudirection:=:flex-row</numIndex>
							  </and>
						 </displayCond>
						<config>
							<type>select</type>
							<renderType>selectSingle</renderType>
							<items>
								<numIndex index="0">
									<label>Right</label>
									<value>justify-content-end</value>
								</numIndex>
								<numIndex index="1">
									<label>Center</label>
									<value>justify-content-center</value>
								</numIndex>
								<numIndex index="2">
									<label>Left</label>
									<value>justify-content-start</value>
								</numIndex>
								<numIndex index="3">
									<label>Fill and justify</label>
									<value>nav-fill</value>
								</numIndex>
								<numIndex index="4">
									<label>Fill and justify (variant w/ arrow)</label>
									<value>nav-fill variant</value>
								</numIndex>
							</items>
							<default>justify-content-end</default>
						</config>
					</menuHorizontalAlignment>
					<menupills>
						<label>Enable Pills (nav-pills)</label>
						<displayCond>USER:T3SBS\T3sbootstrap\UserFunction\TcaMatcher->isMenu</displayCond>
						<config>
							<type>check</type>
						</config>
					</menupills>
				</el>
			</ROOT>
		</sDEF>
		<xs>
			<ROOT>
				<sheetTitle>col-*</sheetTitle>
				<type>array</type>
				<el>
					<xsColumns>
						<label>Columns</label>
						 <displayCond>
						   <and>
								<numIndex index="0">USER:T3SBS\T3sbootstrap\UserFunction\TcaMatcher->autoLayoutParent</numIndex>
						   <or>
								<numIndex index="0">FIELD:sDEF.gridSystem:=:column</numIndex>
								<numIndex index="1">FIELD:sDEF.gridSystem:=:variable</numIndex>
						   </or>
						   </and>
						 </displayCond>
						<config>
							<type>select</type>
							<renderType>selectSingle</renderType>
							<items>
								<numIndex index="0">
									<label>none</label>
									<value>0</value>
								</numIndex>
								<numIndex index="1">
									<label>1</label>
									<value>1</value>
								</numIndex>
								<numIndex index="2">
									<label>2</label>
									<value>2</value>
								</numIndex>
								<numIndex index="3">
									<label>3</label>
									<value>3</value>
								</numIndex>
								<numIndex index="4">
									<label>4</label>
									<value>4</value>
								</numIndex>
								<numIndex index="5">
									<label>5</label>
									<value>5</value>
								</numIndex>
								<numIndex index="6">
									<label>6</label>
									<value>6</value>
								</numIndex>
								<numIndex index="7">
									<label>7</label>
									<value>7</value>
								</numIndex>
								<numIndex index="8">
									<label>8</label>
									<value>8</value>
								</numIndex>
								<numIndex index="9">
									<label>9</label>
									<value>9</value>
								</numIndex>
								<numIndex index="10">
									<label>10</label>
									<value>10</value>
								</numIndex>
								<numIndex index="11">
									<label>11</label>
									<value>11</value>
								</numIndex>
								<numIndex index="12">
									<label>12</label>
									<value>12</value>
								</numIndex>
								<numIndex index="13">
									<label>auto</label>
									<value>auto</value>
								</numIndex>
								<numIndex index="14">
									<label>equal</label>
									<value>equal</value>
								</numIndex>
							</items>
							<default>0</default>
							<size>1</size>
						</config>
					</xsColumns>
				</el>
			</ROOT>
		</xs>
		<sm>
			<ROOT>
				<sheetTitle>col-sm-*</sheetTitle>
				<type>array</type>
				<el>
					<smColumns>
						<label>Columns</label>
							 <displayCond>
							   <and>
									<numIndex index="0">USER:T3SBS\T3sbootstrap\UserFunction\TcaMatcher->autoLayoutParent</numIndex>
									<numIndex index="1">FIELD:sDEF.gridSystem:=:variable</numIndex>
							   </and>
							 </displayCond>
						<config>
							<type>select</type>
							<renderType>selectSingle</renderType>
							<items>
								<numIndex index="0">
									<label>none</label>
									<value>0</value>
								</numIndex>
								<numIndex index="1">
									<label>1</label>
									<value>1</value>
								</numIndex>
								<numIndex index="2">
									<label>2</label>
									<value>2</value>
								</numIndex>
								<numIndex index="3">
									<label>3</label>
									<value>3</value>
								</numIndex>
								<numIndex index="4">
									<label>4</label>
									<value>4</value>
								</numIndex>
								<numIndex index="5">
									<label>5</label>
									<value>5</value>
								</numIndex>
								<numIndex index="6">
									<label>6</label>
									<value>6</value>
								</numIndex>
								<numIndex index="7">
									<label>7</label>
									<value>7</value>
								</numIndex>
								<numIndex index="8">
									<label>8</label>
									<value>8</value>
								</numIndex>
								<numIndex index="9">
									<label>9</label>
									<value>9</value>
								</numIndex>
								<numIndex index="10">
									<label>10</label>
									<value>10</value>
								</numIndex>
								<numIndex index="11">
									<label>11</label>
									<value>11</value>
								</numIndex>
								<numIndex index="12">
									<label>12</label>
									<value>12</value>
								</numIndex>
								<numIndex index="13">
									<label>auto</label>
									<value>auto</value>
								</numIndex>
								<numIndex index="14">
									<label>equal</label>
									<value>equal</value>
								</numIndex>
							</items>
							<default>0</default>
							<size>1</size>
						</config>
					</smColumns>
				</el>
			</ROOT>
		</sm>
		<md>
			<ROOT>
				<sheetTitle>col-md-*</sheetTitle>
				<type>array</type>
				<el>
					<mdColumns>
						<label>Columns</label>
							<displayCond>
								<and>
									<numIndex index="0">USER:T3SBS\T3sbootstrap\UserFunction\TcaMatcher->autoLayoutParent</numIndex>
									<numIndex index="1">FIELD:sDEF.gridSystem:=:variable</numIndex>
								</and>
							</displayCond>
						<config>
							<type>select</type>
							<renderType>selectSingle</renderType>
							<items>
								<numIndex index="0">
									<label>none</label>
									<value>0</value>
								</numIndex>
								<numIndex index="1">
									<label>1</label>
									<value>1</value>
								</numIndex>
								<numIndex index="2">
									<label>2</label>
									<value>2</value>
								</numIndex>
								<numIndex index="3">
									<label>3</label>
									<value>3</value>
								</numIndex>
								<numIndex index="4">
									<label>4</label>
									<value>4</value>
								</numIndex>
								<numIndex index="5">
									<label>5</label>
									<value>5</value>
								</numIndex>
								<numIndex index="6">
									<label>6</label>
									<value>6</value>
								</numIndex>
								<numIndex index="7">
									<label>7</label>
									<value>7</value>
								</numIndex>
								<numIndex index="8">
									<label>8</label>
									<value>8</value>
								</numIndex>
								<numIndex index="9">
									<label>9</label>
									<value>9</value>
								</numIndex>
								<numIndex index="10">
									<label>10</label>
									<value>10</value>
								</numIndex>
								<numIndex index="11">
									<label>11</label>
									<value>11</value>
								</numIndex>
								<numIndex index="12">
									<label>12</label>
									<value>12</value>
								</numIndex>
								<numIndex index="13">
									<label>auto</label>
									<value>auto</value>
								</numIndex>
								<numIndex index="14">
									<label>equal</label>
									<value>equal</value>
								</numIndex>
							</items>
							<default>0</default>
							<size>1</size>
						</config>
					</mdColumns>
				</el>
			</ROOT>
		</md>
		<lg>
			<ROOT>
				<sheetTitle>col-lg-*</sheetTitle>
				<type>array</type>
				<el>
					<lgColumns>
						<label>Columns</label>
							 <displayCond>
							   <and>
									<numIndex index="0">USER:T3SBS\T3sbootstrap\UserFunction\TcaMatcher->autoLayoutParent</numIndex>
									<numIndex index="1">FIELD:sDEF.gridSystem:=:variable</numIndex>
							   </and>
							 </displayCond>
						<config>
							<type>select</type>
							<renderType>selectSingle</renderType>
							<items>
								<numIndex index="0">
									<label>none</label>
									<value>0</value>
								</numIndex>
								<numIndex index="1">
									<label>1</label>
									<value>1</value>
								</numIndex>
								<numIndex index="2">
									<label>2</label>
									<value>2</value>
								</numIndex>
								<numIndex index="3">
									<label>3</label>
									<value>3</value>
								</numIndex>
								<numIndex index="4">
									<label>4</label>
									<value>4</value>
								</numIndex>
								<numIndex index="5">
									<label>5</label>
									<value>5</value>
								</numIndex>
								<numIndex index="6">
									<label>6</label>
									<value>6</value>
								</numIndex>
								<numIndex index="7">
									<label>7</label>
									<value>7</value>
								</numIndex>
								<numIndex index="8">
									<label>8</label>
									<value>8</value>
								</numIndex>
								<numIndex index="9">
									<label>9</label>
									<value>9</value>
								</numIndex>
								<numIndex index="10">
									<label>10</label>
									<value>10</value>
								</numIndex>
								<numIndex index="11">
									<label>11</label>
									<value>11</value>
								</numIndex>
								<numIndex index="12">
									<label>12</label>
									<value>12</value>
								</numIndex>
								<numIndex index="13">
									<label>auto</label>
									<value>auto</value>
								</numIndex>
								<numIndex index="14">
									<label>equal</label>
									<value>equal</value>
								</numIndex>
							</items>
							<default>0</default>
							<size>1</size>
						</config>
					</lgColumns>
				</el>
			</ROOT>
		</lg>
		<xl>
			<ROOT>
				<sheetTitle>col-xl-*</sheetTitle>
				<type>array</type>
				<el>
					<xlColumns>
						<label>Columns</label>
							 <displayCond>
							   <and>
									<numIndex index="0">USER:T3SBS\T3sbootstrap\UserFunction\TcaMatcher->autoLayoutParent</numIndex>
									<numIndex index="1">FIELD:sDEF.gridSystem:=:variable</numIndex>
							   </and>
							 </displayCond>
						<config>
							<type>select</type>
							<renderType>selectSingle</renderType>
							<items>
								<numIndex index="0">
									<label>none</label>
									<value>0</value>
								</numIndex>
								<numIndex index="1">
									<label>1</label>
									<value>1</value>
								</numIndex>
								<numIndex index="2">
									<label>2</label>
									<value>2</value>
								</numIndex>
								<numIndex index="3">
									<label>3</label>
									<value>3</value>
								</numIndex>
								<numIndex index="4">
									<label>4</label>
									<value>4</value>
								</numIndex>
								<numIndex index="5">
									<label>5</label>
									<value>5</value>
								</numIndex>
								<numIndex index="6">
									<label>6</label>
									<value>6</value>
								</numIndex>
								<numIndex index="7">
									<label>7</label>
									<value>7</value>
								</numIndex>
								<numIndex index="8">
									<label>8</label>
									<value>8</value>
								</numIndex>
								<numIndex index="9">
									<label>9</label>
									<value>9</value>
								</numIndex>
								<numIndex index="10">
									<label>10</label>
									<value>10</value>
								</numIndex>
								<numIndex index="11">
									<label>11</label>
									<value>11</value>
								</numIndex>
								<numIndex index="12">
									<label>12</label>
									<value>12</value>
								</numIndex>
								<numIndex index="13">
									<label>auto</label>
									<value>auto</value>
								</numIndex>
								<numIndex index="14">
									<label>equal</label>
									<value>equal</value>
								</numIndex>
							</items>
							<default>0</default>
							<size>1</size>
						</config>
					</xlColumns>
				</el>
			</ROOT>
		</xl>
	</sheets>
</T3DataStructure>