<T3DataStructure>
	<sheets>
		<sDEF>
			<ROOT>
				<type>array</type>
				<el>
					<hidden>
						<label>Hiding / Display Elements</label>
						<config>
							<type>select</type>
							<renderType>selectSingle</renderType>
							<items>
								<numIndex index="0">
									<label>none</label>
									<value>0</value>
								</numIndex>
								<numIndex index="1">
									<label>Hidden only on xs</label>
									<value>d-none d-sm-block</value>
								</numIndex>
								<numIndex index="2">
									<label>Hidden on sm and down</label>
									<value>d-none d-md-block</value>
								</numIndex>
								<numIndex index="3">
									<label>Hidden on md and down</label>
									<value>d-none d-lg-block</value>
								</numIndex>
								<numIndex index="4">
									<label>Hidden on lg and down</label>
									<value>d-none d-xl-block</value>
								</numIndex>
								<numIndex index="5">
									<label>Hidden only on xl</label>
									<value>d-xl-none</value>
								</numIndex>
								<numIndex index="6">
									<label>Visible only on xs</label>
									<value>d-block d-sm-none</value>
								</numIndex>
								<numIndex index="7">
									<label>Visible sm and down</label>
									<value>d-block d-md-none</value>
								</numIndex>
								<numIndex index="8">
									<label>Visible md and down</label>
									<value>d-block d-lg-none</value>
								</numIndex>
								<numIndex index="9">
									<label>Visible lg and down</label>
									<value>d-block d-xl-none</value>
								</numIndex>
							</items>
							<default>0</default>
						</config>
					</hidden>
					<style>
						<label>LLL:EXT:t3sbootstrap/Resources/Private/Language/locallang_be.xlf:predefined.styles</label>
						<config>
							<type>select</type>
							<renderType>selectSingle</renderType>
							<items>
								<numIndex index="0">
									<label>LLL:EXT:t3sbootstrap/Resources/Private/Language/locallang_be.xlf:secondary</label>
									<value>secondary</value>
								</numIndex>
								<numIndex index="1">
									<label>LLL:EXT:t3sbootstrap/Resources/Private/Language/locallang_be.xlf:primary</label>
									<value>primary</value>
								</numIndex>
								<numIndex index="2">
									<label>LLL:EXT:t3sbootstrap/Resources/Private/Language/locallang_be.xlf:success</label>
									<value>success</value>
								</numIndex>
								<numIndex index="3">
									<label>LLL:EXT:t3sbootstrap/Resources/Private/Language/locallang_be.xlf:info</label>
									<value>info</value>
								</numIndex>
								<numIndex index="4">
									<label>LLL:EXT:t3sbootstrap/Resources/Private/Language/locallang_be.xlf:warning</label>
									<value>warning</value>
								</numIndex>
								<numIndex index="5">
									<label>LLL:EXT:t3sbootstrap/Resources/Private/Language/locallang_be.xlf:danger</label>
									<value>danger</value>
								</numIndex>
								<numIndex index="6">
									<label>Dark</label>
									<value>dark</value>
								</numIndex>
								<numIndex index="7">
									<label>light</label>
									<value>light</value>
								</numIndex>
								<numIndex index="8">
									<label>LLL:EXT:t3sbootstrap/Resources/Private/Language/locallang_be.xlf:link</label>
									<value>link</value>
								</numIndex>
							</items>
							<default>secondary</default>
						</config>
					</style>
					<btnsize>
						<label>LLL:EXT:t3sbootstrap/Resources/Private/Language/locallang_be.xlf:flexforms.button.size</label>
						<displayCond>USER:T3SBS\T3sbootstrap\UserFunction\TcaMatcher->buttonParent</displayCond>
						<config>
							<type>select</type>
							<renderType>selectSingle</renderType>
							<items>
								<numIndex index="0">
									<label>LLL:EXT:t3sbootstrap/Resources/Private/Language/locallang_be.xlf:default</label>
									<value>default</value>
								</numIndex>
								<numIndex index="1">
									<label>LLL:EXT:t3sbootstrap/Resources/Private/Language/locallang_be.xlf:small</label>
									<value>btn-sm</value>
								</numIndex>
								<numIndex index="2">
									<label>LLL:EXT:t3sbootstrap/Resources/Private/Language/locallang_be.xlf:large</label>
									<value>btn-lg</value>
								</numIndex>
							</items>
							<default>default</default>
						</config>
					</btnsize>
					<block>
						<label>LLL:EXT:t3sbootstrap/Resources/Private/Language/locallang_be.xlf:flexforms.button.block</label>
						<displayCond>USER:T3SBS\T3sbootstrap\UserFunction\TcaMatcher->buttonParent</displayCond>
						<config>
							<type>check</type>
						</config>
					</block>
					<outline>
						<label>LLL:EXT:t3sbootstrap/Resources/Private/Language/locallang_be.xlf:flexforms.button.outline</label>
						<config>
							<type>check</type>
						</config>
					</outline>
					<fixedPosition>
						<label>Fixed position (activate required javascript in extConf)</label>
						<onChange>reload</onChange>
						<displayCond>USER:T3SBS\T3sbootstrap\UserFunction\TcaMatcher->buttonParent</displayCond>
						<config>
							<type>select</type>
							<renderType>selectSingle</renderType>
							<items>
								<numIndex index="0">
									<label>none</label>
									<value>0</value>
								</numIndex>
								<numIndex index="1">
									<label>Left browser edge</label>
									<value>left</value>
								</numIndex>
								<numIndex index="2">
									<label>Right browser edge</label>
									<value>right</value>
								</numIndex>
							</items>
							<default>0</default>
						</config>
					</fixedPosition>
					<rotate>
						<label>Rotate the Button</label>
						<displayCond>FIELD:sDEF.fixedPosition:!=:0</displayCond>
						<config>
							<type>select</type>
							<renderType>selectSingle</renderType>
							<items>
								<numIndex index="0">
									<label>0 degree</label>
									<value>0</value>
								</numIndex>
								<numIndex index="1">
									<label>+ 90 degree</label>
									<value>plus</value>
								</numIndex>
								<numIndex index="2">
									<label>- 90 degree</label>
									<value>minus</value>
								</numIndex>
							</items>
							<default>0</default>
						</config>
					</rotate>
					<linkTitle>
						<label>Link title</label>
						<config>
							<type>input</type>
							<eval>trim</eval>
							<size>20</size>
						</config>
					</linkTitle>
					<dropdownItems>
						<section>1</section>
						<type>array</type>
						<el>
							<list>
								<title>Dropdown Item</title>
								<type>array</type>
								<el>
									<group>
										<label>Input Link</label>
										<config>
											<type>link</type>
											<size>48</size>
										</config>
									</group>
								</el>
							</list>
						</el>
					</dropdownItems>
					<direction>
						<label>Dropdown direction</label>
						<description>Trigger dropdown menus direction (if dropdown items)</description>
						<displayCond>USER:T3SBS\T3sbootstrap\UserFunction\TcaMatcher->buttonGroup</displayCond>
						<config>
							<type>select</type>
							<renderType>selectSingle</renderType>
							<items>
								<numIndex index="0">
									<label>dropdown</label>
									<value></value>
								</numIndex>
								<numIndex index="1">
									<label>Dropup</label>
									<value>dropup</value>
								</numIndex>
								<numIndex index="2">
									<label>Dropright</label>
									<value>dropend</value>
								</numIndex>
								<numIndex index="3">
									<label>Dropleft</label>
									<value>dropstart</value>
								</numIndex>
							</items>
							<default></default>
						</config>
					</direction>
				</el>
			</ROOT>
		</sDEF>
	</sheets>
</T3DataStructure>
