<T3DataStructure>
	<sheets>
		<sDEF>
			<ROOT>
				<sheetTitle>Card Settings</sheetTitle>
				<type>array</type>
				<el>
					<effect>
						<label>Card Hover Effect</label>
						<onChange>reload</onChange>
						<config>
							<type>select</type>
							<renderType>selectSingle</renderType>
							<items>
								<numIndex index="0">
									<label>None</label>
									<value>0</value>
								</numIndex>
								<numIndex index="1">
									<label>zoom and border</label>
									<value>one</value>
								</numIndex>
							</items>
							<default>0</default>
						</config>
					</effect>

					<effectColor>
						<label>Card Hover Effect Color</label>
						<displayCond>FIELD:sDEF.effect:=:one</displayCond>
						<config>
							<type>select</type>
							<renderType>selectSingle</renderType>
							<items>
								<numIndex index="0">
									<label>LLL:EXT:t3sbootstrap/Resources/Private/Language/locallang_be.xlf:secondary</label>
									<value>secondary</value>
								</numIndex>
								<numIndex index="1">
									<label>LLL:EXT:t3sbootstrap/Resources/Private/Language/locallang_be.xlf:primary</label>
									<value>primary</value>
								</numIndex>
								<numIndex index="2">
									<label>LLL:EXT:t3sbootstrap/Resources/Private/Language/locallang_be.xlf:success</label>
									<value>success</value>
								</numIndex>
								<numIndex index="3">
									<label>LLL:EXT:t3sbootstrap/Resources/Private/Language/locallang_be.xlf:info</label>
									<value>info</value>
								</numIndex>
								<numIndex index="4">
									<label>LLL:EXT:t3sbootstrap/Resources/Private/Language/locallang_be.xlf:warning</label>
									<value>warning</value>
								</numIndex>
								<numIndex index="5">
									<label>LLL:EXT:t3sbootstrap/Resources/Private/Language/locallang_be.xlf:danger</label>
									<value>danger</value>
								</numIndex>
								<numIndex index="6">
									<label>light</label>
									<value>light</value>
								</numIndex>
								<numIndex index="7">
									<label>dark</label>
									<value>dark</value>
								</numIndex>
								<numIndex index="8">
									<label>white</label>
									<value>white</value>
								</numIndex>
								<numIndex index="9">
									<label>none</label>
									<value>0</value>
								</numIndex>
							</items>
							<default>primary</default>
						</config>
					</effectColor>

					<maxwidth>
						<label>Card max-width == image width</label>
						<displayCond>USER:T3SBS\T3sbootstrap\UserFunction\TcaMatcher->cardWrapperParent</displayCond>
						<config>
							<type>check</type>
						</config>
					</maxwidth>
					<image.overlay>
						<label>LLL:EXT:t3sbootstrap/Resources/Private/Language/locallang_be.xlf:flexforms.card.imageOverlay</label>
						<displayCond>
							<and>
								<numIndex index="0">USER:T3SBS\T3sbootstrap\UserFunction\TcaMatcher->cardWrapperParent</numIndex>
								<numIndex index="1">FIELD:sDEF.multiImage.enable:=:0</numIndex>
							</and>
						</displayCond>
						<config>
							<type>check</type>
						</config>
					</image.overlay>
					<mobile.overlay>
						<label>Image overlay - mobile view only</label>
						<displayCond>
							<and>
								<numIndex index="0">USER:T3SBS\T3sbootstrap\UserFunction\TcaMatcher->cardWrapperParent</numIndex>
								<numIndex index="1">FIELD:sDEF.multiImage.enable:=:0</numIndex>
							</and>
						</displayCond>
						<config>
							<type>check</type>
						</config>
					</mobile.overlay>
					<flipcard>
						<label>Flip Card with Text or Image</label>
						<description>Frontside with image - Backside with text (if "Text Top" available) or image (second image)</description>
						<displayCond>
							<and>
								<numIndex index="0">USER:T3SBS\T3sbootstrap\UserFunction\TcaMatcher->cardWrapperParent</numIndex>
								<numIndex index="1">FIELD:sDEF.multiImage.enable:=:0</numIndex>
							</and>
						</displayCond>
						<onChange>reload</onChange>
						<config>
							<type>check</type>
						</config>
					</flipcard>
					<rotateY>
						<label>Number of rotations in degree</label>
						<displayCond>FIELD:flipcard:=:1</displayCond>
						<config>
							<type>select</type>
							<renderType>selectSingle</renderType>
							<items>
								<numIndex index="0">
									<label>180deg</label>
									<value>180deg</value>
								</numIndex>
								<numIndex index="1">
									<label>540deg</label>
									<value>540deg</value>
								</numIndex>
								<numIndex index="2">
									<label>900deg</label>
									<value>900deg</value>
								</numIndex>
							</items>
							<default>180deg</default>
						</config>
					</rotateY>
					<title.onTop>
						<label>LLL:EXT:t3sbootstrap/Resources/Private/Language/locallang_be.xlf:flexforms.card.titleOnTop</label>
						<config>
							<type>check</type>
						</config>
					</title.onTop>
					<button.enable>
						<onChange>reload</onChange>
						<label>Enable button with header_link</label>
						<config>
							<type>check</type>
						</config>
					</button.enable>
					<button.stretchedLink>
						<label>Stretched link (link the entire Card)</label>
						<displayCond>FIELD:button.enable:=:1</displayCond>
						<config>
							<type>check</type>
						</config>
					</button.stretchedLink>
					<button.style>
						<label>Predefined button styles</label>
						<displayCond>FIELD:button.enable:=:1</displayCond>
						<config>
							<type>select</type>
							<renderType>selectSingle</renderType>
							<items>
								<numIndex index="0">
									<label>Secondary</label>
									<value>secondary</value>
								</numIndex>
								<numIndex index="1">
									<label>LLL:EXT:t3sbootstrap/Resources/Private/Language/locallang_be.xlf:primary</label>
									<value>primary</value>
								</numIndex>
								<numIndex index="2">
									<label>LLL:EXT:t3sbootstrap/Resources/Private/Language/locallang_be.xlf:success</label>
									<value>success</value>
								</numIndex>
								<numIndex index="3">
									<label>LLL:EXT:t3sbootstrap/Resources/Private/Language/locallang_be.xlf:info</label>
									<value>info</value>
								</numIndex>
								<numIndex index="4">
									<label>LLL:EXT:t3sbootstrap/Resources/Private/Language/locallang_be.xlf:warning</label>
									<value>warning</value>
								</numIndex>
								<numIndex index="5">
									<label>LLL:EXT:t3sbootstrap/Resources/Private/Language/locallang_be.xlf:danger</label>
									<value>danger</value>
								</numIndex>
								<numIndex index="6">
									<label>Link</label>
									<value>card-link</value>
								</numIndex>
							</items>
							<default>secondary</default>
						</config>
					</button.style>
					<button.text>
						<label>LLL:EXT:t3sbootstrap/Resources/Private/Language/locallang_be.xlf:flexforms.card.buttonText</label>
						<displayCond>FIELD:button.enable:=:1</displayCond>
						<config>
							<type>input</type>
							<checkbox></checkbox>
							<eval>trim</eval>
							<size>48</size>
							<max>99</max>
							<default></default>
						</config>
					</button.text>
					<button.outline>
						<label>Button Outline</label>
						<displayCond>FIELD:button.enable:=:1</displayCond>
						<config>
							<type>check</type>
						</config>
					</button.outline>
					<button.footer>
						<label>Button in Card Footer</label>
						<displayCond>FIELD:button.enable:=:1</displayCond>
						<config>
							<type>check</type>
						</config>
					</button.footer>
					<button.block>
						<label>Block level button</label>
						<displayCond>FIELD:button.enable:=:1</displayCond>
						<config>
							<type>check</type>
						</config>
					</button.block>
					<cardborder>
						<label>Custom Border</label>
						<onChange>reload</onChange>
						<config>
							<type>check</type>
						</config>
					</cardborder>
					<cardborderstyle>
						<label>Predefined border styles</label>
						<displayCond>FIELD:sDEF.cardborder:=:1</displayCond>
						<config>
							<type>select</type>
							<renderType>selectSingle</renderType>
							<items>
								<numIndex index="0">
									<label>LLL:EXT:t3sbootstrap/Resources/Private/Language/locallang_be.xlf:secondary</label>
									<value>secondary</value>
								</numIndex>
								<numIndex index="1">
									<label>LLL:EXT:t3sbootstrap/Resources/Private/Language/locallang_be.xlf:primary</label>
									<value>primary</value>
								</numIndex>
								<numIndex index="2">
									<label>LLL:EXT:t3sbootstrap/Resources/Private/Language/locallang_be.xlf:success</label>
									<value>success</value>
								</numIndex>
								<numIndex index="3">
									<label>LLL:EXT:t3sbootstrap/Resources/Private/Language/locallang_be.xlf:info</label>
									<value>info</value>
								</numIndex>
								<numIndex index="4">
									<label>LLL:EXT:t3sbootstrap/Resources/Private/Language/locallang_be.xlf:warning</label>
									<value>warning</value>
								</numIndex>
								<numIndex index="5">
									<label>LLL:EXT:t3sbootstrap/Resources/Private/Language/locallang_be.xlf:danger</label>
									<value>danger</value>
								</numIndex>
								<numIndex index="6">
									<label>light</label>
									<value>light</value>
								</numIndex>
								<numIndex index="7">
									<label>dark</label>
									<value>dark</value>
								</numIndex>
								<numIndex index="8">
									<label>white</label>
									<value>white</value>
								</numIndex>
								<numIndex index="9">
									<label>none</label>
									<value>0</value>
								</numIndex>
							</items>
							<default>secondary</default>
						</config>
					</cardborderstyle>
					<horizontal>
						<label>Horizontal</label>
						<config>
							<type>check</type>
						</config>
					</horizontal>
					<multiImage.enable>
						<label>Enable Profile Card</label>
						<description>You need at least two images for the profile card. The second is the circular, smaller image</description>
						<onChange>reload</onChange>
						<config>
							<type>check</type>
						</config>
					</multiImage.enable>
					<multiImage.percent>
						<label>Width of the circular image (in %)</label>
						<displayCond>FIELD:sDEF.multiImage.enable:=:1</displayCond>
						<config>
							<type>number</type>
							<size>5</size>
							<default>50</default>
							<eval>trim</eval>
							<range>
								<lower>10</lower>
								<upper>90</upper>
							</range>
							<slider>
								<step>5</step>
								<width>200</width>
							</slider>
						</config>
					</multiImage.percent>
					<multiImage.borderWidth>
						<label>Border width</label>
						<displayCond>FIELD:sDEF.multiImage.enable:=:1</displayCond>
						<config>
							<type>select</type>
							<renderType>selectSingle</renderType>
							<items>
								<numIndex index="0">
									<label>none</label>
									<value>none</value>
								</numIndex>
								<numIndex index="1">
									<label>1</label>
									<value>border border-1</value>
								</numIndex>
								<numIndex index="2">
									<label>2</label>
									<value>border border-2</value>
								</numIndex>
								<numIndex index="3">
									<label>3</label>
									<value>border border-3</value>
								</numIndex>
								<numIndex index="4">
									<label>4</label>
									<value>border border-4</value>
								</numIndex>
								<numIndex index="5">
									<label>5</label>
									<value>border border-5</value>
								</numIndex>
							</items>
							<default>border border-1</default>
							<size>1</size>
						</config>
					</multiImage.borderWidth>
					<multiImage.borderColor>
						<label>Border color</label>
						<displayCond>FIELD:sDEF.multiImage.enable:=:1</displayCond>
						<config>
							<type>select</type>
							<renderType>selectSingle</renderType>
							<items>
								<numIndex index="0">
									<label>LLL:EXT:t3sbootstrap/Resources/Private/Language/locallang_be.xlf:secondary</label>
									<value>secondary</value>
								</numIndex>
								<numIndex index="1">
									<label>LLL:EXT:t3sbootstrap/Resources/Private/Language/locallang_be.xlf:primary</label>
									<value>primary</value>
								</numIndex>
								<numIndex index="2">
									<label>LLL:EXT:t3sbootstrap/Resources/Private/Language/locallang_be.xlf:success</label>
									<value>success</value>
								</numIndex>
								<numIndex index="3">
									<label>LLL:EXT:t3sbootstrap/Resources/Private/Language/locallang_be.xlf:info</label>
									<value>info</value>
								</numIndex>
								<numIndex index="4">
									<label>LLL:EXT:t3sbootstrap/Resources/Private/Language/locallang_be.xlf:warning</label>
									<value>warning</value>
								</numIndex>
								<numIndex index="5">
									<label>LLL:EXT:t3sbootstrap/Resources/Private/Language/locallang_be.xlf:danger</label>
									<value>danger</value>
								</numIndex>
								<numIndex index="6">
									<label>light</label>
									<value>light</value>
								</numIndex>
								<numIndex index="7">
									<label>dark</label>
									<value>dark</value>
								</numIndex>
								<numIndex index="8">
									<label>white</label>
									<value>white</value>
								</numIndex>
								<numIndex index="9">
									<label>none</label>
									<value>0</value>
								</numIndex>
							</items>
							<default>white</default>
						</config>
					</multiImage.borderColor>
					<multiImage.shadow>
						<label>Shadow</label>
						<displayCond>FIELD:sDEF.multiImage.enable:=:1</displayCond>
						<config>
							<type>check</type>
							<default>1</default>
						</config>
					</multiImage.shadow>
					<multiImage.diagonal>
						<label>Cut image diagonally</label>
						<displayCond>FIELD:sDEF.multiImage.enable:=:1</displayCond>
						<onChange>reload</onChange>
						<config>
							<type>check</type>
						</config>
					</multiImage.diagonal>
					<multiImage.slope>
						<label>Height of the slope (in %)</label>
						 <displayCond>
							<and>
								<numIndex index="0">FIELD:sDEF.multiImage.enable:=:1</numIndex>
								<numIndex index="1">FIELD:sDEF.multiImage.diagonal:=:1</numIndex>
							</and>
						 </displayCond>
						<config>
							<type>number</type>
							<size>5</size>
							<default>50</default>
							<eval>trim</eval>
							<range>
								<lower>10</lower>
								<upper>90</upper>
							</range>
							<slider>
								<step>5</step>
								<width>200</width>
							</slider>
						</config>
					</multiImage.slope>
					<multiImage.socialmedia.enable>
						<label>Add some Social Media Links</label>
						<displayCond>FIELD:sDEF.multiImage.enable:=:1</displayCond>
						<onChange>reload</onChange>
						<config>
							<type>check</type>
						</config>
					</multiImage.socialmedia.enable>
					<multiImage.socialmedia.footer>
						<label>Social Media Links in Card Footer</label>
						<displayCond>
							<and>
								<numIndex index="0">FIELD:sDEF.multiImage.enable:=:1</numIndex>
								<numIndex index="1">FIELD:sDEF.multiImage.socialmedia.enable:=:1</numIndex>
							</and>
						</displayCond>
						<config>
							<type>check</type>
						</config>
					</multiImage.socialmedia.footer>
					<multiImage.socialmedia.facebook>
						<label>Facebook</label>
						<displayCond>
							<and>
								<numIndex index="0">FIELD:sDEF.multiImage.enable:=:1</numIndex>
								<numIndex index="1">FIELD:sDEF.multiImage.socialmedia.enable:=:1</numIndex>
							</and>
						</displayCond>
						<config>
							<type>link</type>
						</config>
					</multiImage.socialmedia.facebook>
					<multiImage.socialmedia.twitter>
						<label>Twitter</label>
						<displayCond>
							<and>
								<numIndex index="0">FIELD:sDEF.multiImage.enable:=:1</numIndex>
								<numIndex index="1">FIELD:sDEF.multiImage.socialmedia.enable:=:1</numIndex>
							</and>
						</displayCond>
						<config>
							<type>link</type>
						</config>
					</multiImage.socialmedia.twitter>
					<multiImage.socialmedia.google>
						<label>Google-plus</label>
						<displayCond>
							<and>
								<numIndex index="0">FIELD:sDEF.multiImage.enable:=:1</numIndex>
								<numIndex index="1">FIELD:sDEF.multiImage.socialmedia.enable:=:1</numIndex>
							</and>
						</displayCond>
						<config>
							<type>link</type>
						</config>
					</multiImage.socialmedia.google>
					<multiImage.socialmedia.linkedin>
						<label>Linkedin</label>
						<displayCond>
							<and>
								<numIndex index="0">FIELD:sDEF.multiImage.enable:=:1</numIndex>
								<numIndex index="1">FIELD:sDEF.multiImage.socialmedia.enable:=:1</numIndex>
							</and>
						</displayCond>
						<config>
							<type>link</type>
						</config>
					</multiImage.socialmedia.linkedin>
					<multiImage.socialmedia.youtube>
						<label>Youtube</label>
						<displayCond>
							<and>
								<numIndex index="0">FIELD:sDEF.multiImage.enable:=:1</numIndex>
								<numIndex index="1">FIELD:sDEF.multiImage.socialmedia.enable:=:1</numIndex>
							</and>
						</displayCond>
						<config>
							<type>link</type>
						</config>
					</multiImage.socialmedia.youtube>
					<multiImage.socialmedia.instagram>
						<label>Instagram</label>
						<displayCond>
							<and>
								<numIndex index="0">FIELD:sDEF.multiImage.enable:=:1</numIndex>
								<numIndex index="1">FIELD:sDEF.multiImage.socialmedia.enable:=:1</numIndex>
							</and>
						</displayCond>
						<config>
							<type>link</type>
						</config>
					</multiImage.socialmedia.instagram>
					<multiImage.socialmedia.pinterest>
						<label>Pinterest</label>
						<displayCond>
							<and>
								<numIndex index="0">FIELD:sDEF.multiImage.enable:=:1</numIndex>
								<numIndex index="1">FIELD:sDEF.multiImage.socialmedia.enable:=:1</numIndex>
							</and>
						</displayCond>
						<config>
							<type>link</type>
						</config>
					</multiImage.socialmedia.pinterest>
					<multiImage.socialmedia.skype>
						<label>Skype</label>
						<displayCond>
							<and>
								<numIndex index="0">FIELD:sDEF.multiImage.enable:=:1</numIndex>
								<numIndex index="1">FIELD:sDEF.multiImage.socialmedia.enable:=:1</numIndex>
							</and>
						</displayCond>
						<config>
							<type>link</type>
						</config>
					</multiImage.socialmedia.skype>
				</el>
			</ROOT>
		</sDEF>
		<auto>
			<ROOT>
				<sheetTitle>Auto-layout (if parent wrapper)</sheetTitle>
				<type>array</type>
				<el>
					<gridSystem>
						<label>Auto-layout</label>
						<onChange>reload</onChange>
						<displayCond>USER:T3SBS\T3sbootstrap\UserFunction\TcaMatcher->autoLayoutParent</displayCond>
						<config>
							<type>select</type>
							<renderType>selectSingle</renderType>
							<items>
								<numIndex index="0">
									<label>no .col</label>
									<value>none</value>
								</numIndex>
								<numIndex index="1">
									<label>Equal-width</label>
									<value>equal</value>
								</numIndex>
								<numIndex index="2">
									<label>Column width</label>
									<value>column</value>
								</numIndex>
								<numIndex index="3">
									<label>Variable width content</label>
									<value>variable</value>
								</numIndex>
							</items>
							<default>equal</default>
							<size>1</size>
						</config>
					</gridSystem>
					<newLine>
						<label>New line (break to a new line for multiple rows after this col)</label>
						<displayCond>USER:T3SBS\T3sbootstrap\UserFunction\TcaMatcher->autoLayoutParent</displayCond>
						<config>
							<type>check</type>
						</config>
					</newLine>
					<alignSelf>
						<label>Align self</label>
						 <displayCond>
							  <or>
								<numIndex index="0">USER:T3SBS\T3sbootstrap\UserFunction\TcaMatcher->autoLayoutParent</numIndex>
								<numIndex index="1">USER:T3SBS\T3sbootstrap\UserFunction\TcaMatcher->flexContainerParent</numIndex>
							  </or>
						 </displayCond>
						<config>
							<type>select</type>
							<renderType>selectSingle</renderType>
							<items>
								<numIndex index="0">
									<label>none</label>
									<value></value>
								</numIndex>
								<numIndex index="1">
									<label>start</label>
									<value>start</value>
								</numIndex>
								<numIndex index="2">
									<label>end</label>
									<value>end</value>
								</numIndex>
								<numIndex index="3">
									<label>center</label>
									<value>center</value>
								</numIndex>
							</items>
							<default></default>
						</config>
					</alignSelf>
					<responsiveVariations>
						<label>Responsive Variations</label>
							 <displayCond>
							   <or>
									<numIndex index="0">USER:T3SBS\T3sbootstrap\UserFunction\TcaMatcher->autoLayoutParent</numIndex>
									<numIndex index="1">USER:T3SBS\T3sbootstrap\UserFunction\TcaMatcher->flexContainerParent</numIndex>
							   </or>
							 </displayCond>
						<config>
							<type>select</type>
							<renderType>selectSingle</renderType>
							<items>
								<numIndex index="0">
									<label>none</label>
									<value></value>
								</numIndex>
								<numIndex index="1">
									<label>xs</label>
									<value>xs</value>
								</numIndex>
								<numIndex index="2">
									<label>sm</label>
									<value>sm</value>
								</numIndex>
								<numIndex index="3">
									<label>md</label>
									<value>md</value>
								</numIndex>
								<numIndex index="4">
									<label>lg</label>
									<value>lg</value>
								</numIndex>
								<numIndex index="5">
									<label>xl</label>
									<value>xl</value>
								</numIndex>
							</items>
							<default></default>
							<size>1</size>
						</config>
					</responsiveVariations>
					<autoMargins>
						<label>Auto margins</label>
						<displayCond>USER:T3SBS\T3sbootstrap\UserFunction\TcaMatcher->flexContainerParent</displayCond>
						<config>
							<type>select</type>
							<renderType>selectSingle</renderType>
							<items>
								<numIndex index="0">
									<label>none</label>
									<value></value>
								</numIndex>
								<numIndex index="1">
									<label>right</label>
									<value>mr</value>
								</numIndex>
								<numIndex index="2">
									<label>left</label>
									<value>ml</value>
								</numIndex>
								<numIndex index="3">
									<label>top</label>
									<value>mt</value>
								</numIndex>
								<numIndex index="4">
									<label>bottom</label>
									<value>mb</value>
								</numIndex>
							</items>
							<default></default>
						</config>
					</autoMargins>
					<order>
						<label>Order</label>
						<displayCond>USER:T3SBS\T3sbootstrap\UserFunction\TcaMatcher->flexContainerParent</displayCond>
						<config>
							<type>select</type>
							<renderType>selectSingle</renderType>
							<items>
								<numIndex index="0">
									<label>none</label>
									<value></value>
								</numIndex>
								<numIndex index="1">
									<label>1</label>
									<value>1</value>
								</numIndex>
								<numIndex index="2">
									<label>2</label>
									<value>2</value>
								</numIndex>
								<numIndex index="3">
									<label>3</label>
									<value>3</value>
								</numIndex>
								<numIndex index="4">
									<label>4</label>
									<value>4</value>
								</numIndex>
								<numIndex index="5">
									<label>5</label>
									<value>5</value>
								</numIndex>
								<numIndex index="6">
									<label>6</label>
									<value>6</value>
								</numIndex>
								<numIndex index="7">
									<label>7</label>
									<value>7</value>
								</numIndex>
								<numIndex index="8">
									<label>8</label>
									<value>8</value>
								</numIndex>
								<numIndex index="9">
									<label>9</label>
									<value>9</value>
								</numIndex>
								<numIndex index="10">
									<label>10</label>
									<value>10</value>
								</numIndex>
								<numIndex index="11">
									<label>11</label>
									<value>11</value>
								</numIndex>
								<numIndex index="12">
									<label>12</label>
									<value>12</value>
								</numIndex>
							</items>
							<default></default>
							<size>1</size>
						</config>
					</order>

				</el>
			</ROOT>
		</auto>
		<xs>
			<ROOT>
				<sheetTitle>col-*</sheetTitle>
				<type>array</type>
				<el>
					<xsColumns>
						<label>Columns</label>
							 <displayCond>
							   <and>
									<numIndex index="0">USER:T3SBS\T3sbootstrap\UserFunction\TcaMatcher->autoLayoutParent</numIndex>
							   <or>
									<numIndex index="0">FIELD:auto.gridSystem:=:column</numIndex>
									<numIndex index="1">FIELD:auto.gridSystem:=:variable</numIndex>
							   </or>
							   </and>
							 </displayCond>
						<config>
							<type>select</type>
							<renderType>selectSingle</renderType>
							<items>
								<numIndex index="0">
									<label>none</label>
									<value>0</value>
								</numIndex>
								<numIndex index="1">
									<label>1</label>
									<value>1</value>
								</numIndex>
								<numIndex index="2">
									<label>2</label>
									<value>2</value>
								</numIndex>
								<numIndex index="3">
									<label>3</label>
									<value>3</value>
								</numIndex>
								<numIndex index="4">
									<label>4</label>
									<value>4</value>
								</numIndex>
								<numIndex index="5">
									<label>5</label>
									<value>5</value>
								</numIndex>
								<numIndex index="6">
									<label>6</label>
									<value>6</value>
								</numIndex>
								<numIndex index="7">
									<label>7</label>
									<value>7</value>
								</numIndex>
								<numIndex index="8">
									<label>8</label>
									<value>8</value>
								</numIndex>
								<numIndex index="9">
									<label>9</label>
									<value>9</value>
								</numIndex>
								<numIndex index="10">
									<label>10</label>
									<value>10</value>
								</numIndex>
								<numIndex index="11">
									<label>11</label>
									<value>11</value>
								</numIndex>
								<numIndex index="12">
									<label>12</label>
									<value>12</value>
								</numIndex>
								<numIndex index="13">
									<label>auto</label>
									<value>auto</value>
								</numIndex>
								<numIndex index="14">
									<label>equal</label>
									<value>equal</value>
								</numIndex>
							</items>
							<default>0</default>
							<size>1</size>
						</config>
					</xsColumns>
				</el>
			</ROOT>
		</xs>
		<sm>
			<ROOT>
				<sheetTitle>col-sm-*</sheetTitle>
				<type>array</type>
				<el>
					<smColumns>
						<label>Columns</label>
							 <displayCond>
							   <and>
									<numIndex index="0">USER:T3SBS\T3sbootstrap\UserFunction\TcaMatcher->autoLayoutParent</numIndex>
									<numIndex index="1">FIELD:auto.gridSystem:=:variable</numIndex>
							   </and>
							 </displayCond>
						<config>
							<type>select</type>
							<renderType>selectSingle</renderType>
							<items>
								<numIndex index="0">
									<label>none</label>
									<value>0</value>
								</numIndex>
								<numIndex index="1">
									<label>1</label>
									<value>1</value>
								</numIndex>
								<numIndex index="2">
									<label>2</label>
									<value>2</value>
								</numIndex>
								<numIndex index="3">
									<label>3</label>
									<value>3</value>
								</numIndex>
								<numIndex index="4">
									<label>4</label>
									<value>4</value>
								</numIndex>
								<numIndex index="5">
									<label>5</label>
									<value>5</value>
								</numIndex>
								<numIndex index="6">
									<label>6</label>
									<value>6</value>
								</numIndex>
								<numIndex index="7">
									<label>7</label>
									<value>7</value>
								</numIndex>
								<numIndex index="8">
									<label>8</label>
									<value>8</value>
								</numIndex>
								<numIndex index="9">
									<label>9</label>
									<value>9</value>
								</numIndex>
								<numIndex index="10">
									<label>10</label>
									<value>10</value>
								</numIndex>
								<numIndex index="11">
									<label>11</label>
									<value>11</value>
								</numIndex>
								<numIndex index="12">
									<label>12</label>
									<value>12</value>
								</numIndex>
								<numIndex index="13">
									<label>auto</label>
									<value>auto</value>
								</numIndex>
								<numIndex index="14">
									<label>equal</label>
									<value>equal</value>
								</numIndex>
							</items>
							<default>0</default>
							<size>1</size>
						</config>
					</smColumns>
				</el>
			</ROOT>
		</sm>
		<md>
			<ROOT>
				<sheetTitle>col-md-*</sheetTitle>
				<type>array</type>
				<el>
					<mdColumns>
						<label>Columns</label>
							 <displayCond>
							   <and>
									<numIndex index="0">USER:T3SBS\T3sbootstrap\UserFunction\TcaMatcher->autoLayoutParent</numIndex>
									<numIndex index="1">FIELD:auto.gridSystem:=:variable</numIndex>
							   </and>
							 </displayCond>
						<config>
							<type>select</type>
							<renderType>selectSingle</renderType>
							<items>
								<numIndex index="0">
									<label>none</label>
									<value>0</value>
								</numIndex>
								<numIndex index="1">
									<label>1</label>
									<value>1</value>
								</numIndex>
								<numIndex index="2">
									<label>2</label>
									<value>2</value>
								</numIndex>
								<numIndex index="3">
									<label>3</label>
									<value>3</value>
								</numIndex>
								<numIndex index="4">
									<label>4</label>
									<value>4</value>
								</numIndex>
								<numIndex index="5">
									<label>5</label>
									<value>5</value>
								</numIndex>
								<numIndex index="6">
									<label>6</label>
									<value>6</value>
								</numIndex>
								<numIndex index="7">
									<label>7</label>
									<value>7</value>
								</numIndex>
								<numIndex index="8">
									<label>8</label>
									<value>8</value>
								</numIndex>
								<numIndex index="9">
									<label>9</label>
									<value>9</value>
								</numIndex>
								<numIndex index="10">
									<label>10</label>
									<value>10</value>
								</numIndex>
								<numIndex index="11">
									<label>11</label>
									<value>11</value>
								</numIndex>
								<numIndex index="12">
									<label>12</label>
									<value>12</value>
								</numIndex>
								<numIndex index="13">
									<label>auto</label>
									<value>auto</value>
								</numIndex>
								<numIndex index="14">
									<label>equal</label>
									<value>equal</value>
								</numIndex>
							</items>
							<default>0</default>
							<size>1</size>
						</config>
					</mdColumns>

				</el>
			</ROOT>
		</md>
		<lg>
			<ROOT>
				<sheetTitle>col-lg-*</sheetTitle>
				<type>array</type>
				<el>
					<lgColumns>
						<label>Columns</label>
							 <displayCond>
							   <and>
									<numIndex index="0">USER:T3SBS\T3sbootstrap\UserFunction\TcaMatcher->autoLayoutParent</numIndex>
									<numIndex index="1">FIELD:auto.gridSystem:=:variable</numIndex>
							   </and>
							 </displayCond>
						<config>
							<type>select</type>
							<renderType>selectSingle</renderType>
							<items>
								<numIndex index="0">
									<label>none</label>
									<value>0</value>
								</numIndex>
								<numIndex index="1">
									<label>1</label>
									<value>1</value>
								</numIndex>
								<numIndex index="2">
									<label>2</label>
									<value>2</value>
								</numIndex>
								<numIndex index="3">
									<label>3</label>
									<value>3</value>
								</numIndex>
								<numIndex index="4">
									<label>4</label>
									<value>4</value>
								</numIndex>
								<numIndex index="5">
									<label>5</label>
									<value>5</value>
								</numIndex>
								<numIndex index="6">
									<label>6</label>
									<value>6</value>
								</numIndex>
								<numIndex index="7">
									<label>7</label>
									<value>7</value>
								</numIndex>
								<numIndex index="8">
									<label>8</label>
									<value>8</value>
								</numIndex>
								<numIndex index="9">
									<label>9</label>
									<value>9</value>
								</numIndex>
								<numIndex index="10">
									<label>10</label>
									<value>10</value>
								</numIndex>
								<numIndex index="11">
									<label>11</label>
									<value>11</value>
								</numIndex>
								<numIndex index="12">
									<label>12</label>
									<value>12</value>
								</numIndex>
								<numIndex index="13">
									<label>auto</label>
									<value>auto</value>
								</numIndex>
								<numIndex index="14">
									<label>equal</label>
									<value>equal</value>
								</numIndex>
							</items>
							<default>0</default>
							<size>1</size>
						</config>
					</lgColumns>

				</el>
			</ROOT>
		</lg>
		<xl>
			<ROOT>
				<sheetTitle>col-xl-*</sheetTitle>
				<type>array</type>
				<el>
					<xlColumns>
						<label>Columns</label>
							 <displayCond>
							   <and>
									<numIndex index="0">USER:T3SBS\T3sbootstrap\UserFunction\TcaMatcher->autoLayoutParent</numIndex>
									<numIndex index="1">FIELD:auto.gridSystem:=:variable</numIndex>
							   </and>
							 </displayCond>
						<config>
							<type>select</type>
							<renderType>selectSingle</renderType>
							<items>
								<numIndex index="0">
									<label>none</label>
									<value>0</value>
								</numIndex>
								<numIndex index="1">
									<label>1</label>
									<value>1</value>
								</numIndex>
								<numIndex index="2">
									<label>2</label>
									<value>2</value>
								</numIndex>
								<numIndex index="3">
									<label>3</label>
									<value>3</value>
								</numIndex>
								<numIndex index="4">
									<label>4</label>
									<value>4</value>
								</numIndex>
								<numIndex index="5">
									<label>5</label>
									<value>5</value>
								</numIndex>
								<numIndex index="6">
									<label>6</label>
									<value>6</value>
								</numIndex>
								<numIndex index="7">
									<label>7</label>
									<value>7</value>
								</numIndex>
								<numIndex index="8">
									<label>8</label>
									<value>8</value>
								</numIndex>
								<numIndex index="9">
									<label>9</label>
									<value>9</value>
								</numIndex>
								<numIndex index="10">
									<label>10</label>
									<value>10</value>
								</numIndex>
								<numIndex index="11">
									<label>11</label>
									<value>11</value>
								</numIndex>
								<numIndex index="12">
									<label>12</label>
									<value>12</value>
								</numIndex>
								<numIndex index="13">
									<label>auto</label>
									<value>auto</value>
								</numIndex>
								<numIndex index="14">
									<label>equal</label>
									<value>equal</value>
								</numIndex>
							</items>
							<default>0</default>
							<size>1</size>
						</config>
					</xlColumns>
				</el>
			</ROOT>
		</xl>
		<xxl>
			<ROOT>
				<sheetTitle>col-xxl-*</sheetTitle>
				<type>array</type>
				<el>
					<xxlColumns>
						<label>Columns</label>
							 <displayCond>
							   <and>
									<numIndex index="0">USER:T3SBS\T3sbootstrap\UserFunction\TcaMatcher->autoLayoutParent</numIndex>
									<numIndex index="1">FIELD:auto.gridSystem:=:variable</numIndex>
							   </and>
							 </displayCond>
						<config>
							<type>select</type>
							<renderType>selectSingle</renderType>
							<items>
								<numIndex index="0">
									<label>none</label>
									<value>0</value>
								</numIndex>
								<numIndex index="1">
									<label>1</label>
									<value>1</value>
								</numIndex>
								<numIndex index="2">
									<label>2</label>
									<value>2</value>
								</numIndex>
								<numIndex index="3">
									<label>3</label>
									<value>3</value>
								</numIndex>
								<numIndex index="4">
									<label>4</label>
									<value>4</value>
								</numIndex>
								<numIndex index="5">
									<label>5</label>
									<value>5</value>
								</numIndex>
								<numIndex index="6">
									<label>6</label>
									<value>6</value>
								</numIndex>
								<numIndex index="7">
									<label>7</label>
									<value>7</value>
								</numIndex>
								<numIndex index="8">
									<label>8</label>
									<value>8</value>
								</numIndex>
								<numIndex index="9">
									<label>9</label>
									<value>9</value>
								</numIndex>
								<numIndex index="10">
									<label>10</label>
									<value>10</value>
								</numIndex>
								<numIndex index="11">
									<label>11</label>
									<value>11</value>
								</numIndex>
								<numIndex index="12">
									<label>12</label>
									<value>12</value>
								</numIndex>
								<numIndex index="13">
									<label>auto</label>
									<value>auto</value>
								</numIndex>
								<numIndex index="14">
									<label>equal</label>
									<value>equal</value>
								</numIndex>
							</items>
							<default>0</default>
							<size>1</size>
						</config>
					</xxlColumns>
				</el>
			</ROOT>
		</xxl>
	</sheets>
</T3DataStructure>