<T3DataStructure>
	<meta>
		<langDisable>1</langDisable>
	</meta>
	<sheets>
		<sDEF>
			<ROOT>
				<sheetTitle>Settings</sheetTitle>
				<type>array</type>
				<el>
					<hidden>
						<label>Hiding / Display Elements</label>
						<config>
							<type>select</type>
							<renderType>selectSingle</renderType>
							<items>
								<numIndex index="0">
									<label>none</label>
									<value>0</value>
								</numIndex>
								<numIndex index="1">
									<label>Hidden only on xs</label>
									<value>d-none d-sm-block</value>
								</numIndex>
								<numIndex index="2">
									<label>Hidden on sm and down</label>
									<value>d-none d-md-block</value>
								</numIndex>
								<numIndex index="3">
									<label>Hidden on md and down</label>
									<value>d-none d-lg-block</value>
								</numIndex>
								<numIndex index="4">
									<label>Hidden on lg and down</label>
									<value>d-none d-xl-block</value>
								</numIndex>
								<numIndex index="5">
									<label>Hidden only on xl</label>
									<value>d-xl-none</value>
								</numIndex>
								<numIndex index="6">
									<label>Visible only on xs</label>
									<value>d-block d-sm-none</value>
								</numIndex>
								<numIndex index="7">
									<label>Visible sm and down</label>
									<value>d-block d-md-none</value>
								</numIndex>
								<numIndex index="8">
									<label>Visible md and down</label>
									<value>d-block d-lg-none</value>
								</numIndex>
								<numIndex index="9">
									<label>Visible lg and down</label>
									<value>d-block d-xl-none</value>
								</numIndex>
							</items>
							<default>0</default>
						</config>
					</hidden>

					<order>
						<label>Change the order of content in media objects</label>
						<config>
							<type>select</type>
							<renderType>selectSingle</renderType>
							<items>
								<numIndex index="0">
									<label>left</label>
									<value>left</value>
								</numIndex>
								<numIndex index="1">
									<label>right</label>
									<value>right</value>
								</numIndex>
							</items>
							<default>left</default>
						</config>
					</order>

					<border>
						<label>Border</label>
						<onChange>reload</onChange>
						<config>
							<type>check</type>
						</config>
					</border>
					<borderstyle>
						<label>Predefined border styles</label>
						<displayCond>FIELD:sDEF.border:=:1</displayCond>
						<config>
							<type>select</type>
							<renderType>selectSingle</renderType>
							<items>
								<numIndex index="0">
									<label>LLL:EXT:t3sbootstrap/Resources/Private/Language/locallang_be.xlf:secondary</label>
									<value>secondary</value>
								</numIndex>
								<numIndex index="1">
									<label>LLL:EXT:t3sbootstrap/Resources/Private/Language/locallang_be.xlf:primary</label>
									<value>primary</value>
								</numIndex>
								<numIndex index="2">
									<label>LLL:EXT:t3sbootstrap/Resources/Private/Language/locallang_be.xlf:success</label>
									<value>success</value>
								</numIndex>
								<numIndex index="3">
									<label>LLL:EXT:t3sbootstrap/Resources/Private/Language/locallang_be.xlf:info</label>
									<value>info</value>
								</numIndex>
								<numIndex index="4">
									<label>LLL:EXT:t3sbootstrap/Resources/Private/Language/locallang_be.xlf:warning</label>
									<value>warning</value>
								</numIndex>
								<numIndex index="5">
									<label>LLL:EXT:t3sbootstrap/Resources/Private/Language/locallang_be.xlf:danger</label>
									<value>danger</value>
								</numIndex>
								<numIndex index="6">
									<label>light</label>
									<value>light</value>
								</numIndex>
								<numIndex index="7">
									<label>dark</label>
									<value>dark</value>
								</numIndex>
								<numIndex index="8">
									<label>white</label>
									<value>white</value>
								</numIndex>
							</items>
							<default>secondary</default>
						</config>
					</borderstyle>

					<borderradius>
						<label>Predefined border radius</label>
						<displayCond>FIELD:sDEF.border:=:1</displayCond>
						<config>
							<type>select</type>
							<renderType>selectSingle</renderType>
							<items>
								<numIndex index="0">
									<label>none</label>
									<value>none</value>
								</numIndex>
								<numIndex index="1">
									<label>rounded</label>
									<value>rounded</value>
								</numIndex>
								<numIndex index="2">
									<label>rounded-top</label>
									<value>rounded-top</value>
								</numIndex>
								<numIndex index="3">
									<label>rounded-right</label>
									<value>rounded-end</value>
								</numIndex>
								<numIndex index="4">
									<label>rounded-bottom</label>
									<value>rounded-bottom</value>
								</numIndex>
								<numIndex index="5">
									<label>rounded-left</label>
									<value>rounded-start</value>
								</numIndex>
								<numIndex index="6">
									<label>rounded-circle</label>
									<value>rounded-circle</value>
								</numIndex>
							</items>
							<default>none</default>
						</config>
					</borderradius>

				</el>
			</ROOT>
		</sDEF>

	</sheets>
</T3DataStructure>
