<T3DataStructure>
	<meta>
		<langDisable>1</langDisable>
	</meta>
	<sheets>
		<sDEF>
			<ROOT>
				<sheetTitle>Bootstrap Settings</sheetTitle>
				<type>array</type>
				<el>
					<hidden>
						<label>Hiding / Display Elements</label>
						<config>
							<type>select</type>
							<renderType>selectSingle</renderType>
							<items>
								<numIndex index="0">
									<label>none</label>
									<value>0</value>
								</numIndex>
								<numIndex index="1">
									<label>Hidden only on xs</label>
									<value>d-none d-sm-block</value>
								</numIndex>
								<numIndex index="2">
									<label>Hidden on sm and down</label>
									<value>d-none d-md-block</value>
								</numIndex>
								<numIndex index="3">
									<label>Hidden on md and down</label>
									<value>d-none d-lg-block</value>
								</numIndex>
								<numIndex index="4">
									<label>Hidden on lg and down</label>
									<value>d-none d-xl-block</value>
								</numIndex>
								<numIndex index="5">
									<label>Hidden only on xl</label>
									<value>d-xl-none</value>
								</numIndex>
								<numIndex index="6">
									<label>Visible only on xs</label>
									<value>d-block d-sm-none</value>
								</numIndex>
								<numIndex index="7">
									<label>Visible sm and down</label>
									<value>d-block d-md-none</value>
								</numIndex>
								<numIndex index="8">
									<label>Visible md and down</label>
									<value>d-block d-lg-none</value>
								</numIndex>
								<numIndex index="9">
									<label>Visible lg and down</label>
									<value>d-block d-xl-none</value>
								</numIndex>
							</items>
							<default>0</default>
						</config>
					</hidden>

					<tableClass>
						<label>Table class</label>
						<config>
							<type>select</type>
							<renderType>selectMultipleSideBySide</renderType>
							<items>
								<numIndex index="0">
									<label>LLL:EXT:t3sbootstrap/Resources/Private/Language/locallang_be.xlf:default</label>
									<value>table</value>
								</numIndex>
								<numIndex index="1">
									<label>LLL:EXT:t3sbootstrap/Resources/Private/Language/locallang_be.xlf:flexforms.table.striped</label>
									<value>table table-striped</value>
								</numIndex>
								<numIndex index="2">
									<label>LLL:EXT:t3sbootstrap/Resources/Private/Language/locallang_be.xlf:flexforms.table.bordered</label>
									<value>table table-bordered</value>
								</numIndex>
								<numIndex index="3">
									<label>LLL:EXT:t3sbootstrap/Resources/Private/Language/locallang_be.xlf:flexforms.table.hover</label>
									<value>table table-hover</value>
								</numIndex>
								<numIndex index="4">
									<label>LLL:EXT:t3sbootstrap/Resources/Private/Language/locallang_be.xlf:flexforms.table.small</label>
									<value>table table-sm</value>
								</numIndex>
								<numIndex index="5">
									<label>Table dark</label>
									<value>table table-dark</value>
								</numIndex>
								<numIndex index="6">
									<label>Table borderless</label>
									<value>table table-borderless</value>
								</numIndex>
								<numIndex index="7">
									<label>Border primary</label>
									<value>table border-primary</value>
								</numIndex>
								<numIndex index="8">
									<label>Border secondary</label>
									<value>table border-secondary</value>
								</numIndex>
								<numIndex index="9">
									<label>Border success</label>
									<value>table border-success</value>
								</numIndex>
								<numIndex index="10">
									<label>Border info</label>
									<value>table border-info</value>
								</numIndex>
								<numIndex index="11">
									<label>Border warning</label>
									<value>table border-warning</value>
								</numIndex>
								<numIndex index="12">
									<label>Border danger</label>
									<value>table border-danger</value>
								</numIndex>
								<numIndex index="13">
									<label>Border light</label>
									<value>table border-light</value>
								</numIndex>
								<numIndex index="14">
									<label>Border dark</label>
									<value>table border-dark</value>
								</numIndex>
								<numIndex index="15">
									<label>Vertical align top</label>
									<value>table align-top</value>
								</numIndex>
								<numIndex index="16">
									<label>Vertical align middle</label>
									<value>table align-middle</value>
								</numIndex>
								<numIndex index="17">
									<label>Vertical align bottom</label>
									<value>table align-bottom</value>
								</numIndex>
							</items>
							<default>table</default>
						</config>
					</tableClass>

					<theadClass>
						<label>Table head</label>
						<config>
							<type>select</type>
							<renderType>selectSingle</renderType>
							<items>
								<numIndex index="0">
									<label>None</label>
									<value></value>
								</numIndex>
								<numIndex index="1">
									<label>Light</label>
									<value>table-light</value>
								</numIndex>
								<numIndex index="2">
									<label>Dark</label>
									<value>table-dark</value>
								</numIndex>
							</items>
							<default>table-dark</default>
						</config>
					</theadClass>

					<tableInverse>
						<label>Table inverse/dark</label>
						<config>
							<type>check</type>
						</config>
					</tableInverse>

					<tableResponsive>
						<label>Responsive table</label>
						<config>
							<type>check</type>
						</config>
					</tableResponsive>

					<tableResponsiveVariant>
						<label>Responsive table variant</label>
						<description>INFO: https://www.t3sbootstrap.de/demo/tabellen</description>
						<displayCond>FIELD:sDEF.tableResponsive:=:1</displayCond>
						<config>
							<type>check</type>
						</config>
					</tableResponsiveVariant>
				</el>
			</ROOT>
		</sDEF>
	</sheets>
</T3DataStructure>
