<T3DataStructure>
	<sheets>
		<sDEF>
			<ROOT>
				<sheetTitle>Alignment</sheetTitle>
				<type>array</type>
				<el>
					<justify>
						<label>Justify content</label>
						<config>
							<type>select</type>
							<renderType>selectSingle</renderType>
							<items>
								<numIndex index="0">
									<label>none</label>
									<value></value>
								</numIndex>
								<numIndex index="1">
									<label>start (default)</label>
									<value>start</value>
								</numIndex>
								<numIndex index="2">
									<label>center</label>
									<value>center</value>
								</numIndex>
								<numIndex index="3">
									<label>end</label>
									<value>end</value>
								</numIndex>
								<numIndex index="4">
									<label>between</label>
									<value>between</value>
								</numIndex>
								<numIndex index="5">
									<label>around</label>
									<value>around</value>
								</numIndex>
							</items>
							<default></default>
						</config>
					</justify>
					<alignItem>
						<label>Align items</label>
						<config>
							<type>select</type>
							<renderType>selectSingle</renderType>
							<items>
								<numIndex index="0">
									<label>none</label>
									<value></value>
								</numIndex>
								<numIndex index="1">
									<label>start</label>
									<value>start</value>
								</numIndex>
								<numIndex index="2">
									<label>end</label>
									<value>end</value>
								</numIndex>
								<numIndex index="3">
									<label>center</label>
									<value>center</value>
								</numIndex>
								<numIndex index="4">
									<label>baseline</label>
									<value>baseline</value>
								</numIndex>
								<numIndex index="5">
									<label>stretch</label>
									<value>stretch</value>
								</numIndex>
							</items>
							<default></default>
						</config>
					</alignItem>
					<responsiveVariations>
						<label>Responsive Variations</label>
						<config>
							<type>select</type>
							<renderType>selectSingle</renderType>
							<items>
								<numIndex index="0">
									<label>none</label>
									<value></value>
								</numIndex>
								<numIndex index="1">
									<label>xs</label>
									<value>xs</value>
								</numIndex>
								<numIndex index="2">
									<label>sm</label>
									<value>sm</value>
								</numIndex>
								<numIndex index="3">
									<label>md</label>
									<value>md</value>
								</numIndex>
								<numIndex index="4">
									<label>lg</label>
									<value>lg</value>
								</numIndex>
								<numIndex index="5">
									<label>xl</label>
									<value>xl</value>
								</numIndex>
								<numIndex index="6">
									<label>xxl</label>
									<value>xxl</value>
								</numIndex>
							</items>
							<default></default>
							<size>1</size>
						</config>
					</responsiveVariations>
					<horizontalGutters>
						<label>Horizontal gutters</label>
						<config>
							<type>select</type>
							<renderType>selectSingle</renderType>
							<items>
								<numIndex index="0">
									<label>gx-0 (no gutters)</label>
									<value>gx-0</value>
								</numIndex>
								<numIndex index="1">
									<label>gx-1</label>
									<value>gx-1</value>
								</numIndex>
								<numIndex index="2">
									<label>gx-2</label>
									<value>gx-2</value>
								</numIndex>
								<numIndex index="3">
									<label>gx-3</label>
									<value>gx-3</value>
								</numIndex>
								<numIndex index="4">
									<label>gx-4 (default)</label>
									<value></value>
								</numIndex>
								<numIndex index="5">
									<label>gx-5</label>
									<value>gx-5</value>
								</numIndex>
							</items>
							<default></default>
						</config>
					</horizontalGutters>
					<verticalGutters>
						<label>Vertical gutters</label>
						<config>
							<type>select</type>
							<renderType>selectSingle</renderType>
							<items>
								<numIndex index="0">
									<label>gy-0 (no gutters)</label>
									<value>gy-0</value>
								</numIndex>
								<numIndex index="1">
									<label>gy-1</label>
									<value>gy-1</value>
								</numIndex>
								<numIndex index="2">
									<label>gy-2</label>
									<value>gy-2</value>
								</numIndex>
								<numIndex index="3">
									<label>gy-3</label>
									<value>gy-3</value>
								</numIndex>
								<numIndex index="4">
									<label>gy-4 (default)</label>
									<value></value>
								</numIndex>
								<numIndex index="5">
									<label>gy-5</label>
									<value>gy-5</value>
								</numIndex>
							</items>
							<default></default>
						</config>
					</verticalGutters>
				</el>
			</ROOT>
		</sDEF>
	</sheets>
</T3DataStructure>
