<T3DataStructure>
	<sheets>
		<sDEF>
			<ROOT>
				<sheetTitle>Content</sheetTitle>
				<type>array</type>
				<el>
					<hidden>
						<label>Hiding / Display Elements</label>
						<config>
							<type>select</type>
							<renderType>selectSingle</renderType>
							<items>
								<numIndex index="0">
									<label>none</label>
									<value>0</value>
								</numIndex>
								<numIndex index="1">
									<label>Hidden only on xs</label>
									<value>d-none d-sm-block</value>
								</numIndex>
								<numIndex index="2">
									<label>Hidden on sm and down</label>
									<value>d-none d-md-block</value>
								</numIndex>
								<numIndex index="3">
									<label>Hidden on md and down</label>
									<value>d-none d-lg-block</value>
								</numIndex>
								<numIndex index="4">
									<label>Hidden on lg and down</label>
									<value>d-none d-xl-block</value>
								</numIndex>
								<numIndex index="5">
									<label>Hidden only on xl</label>
									<value>d-xl-none</value>
								</numIndex>
								<numIndex index="6">
									<label>Visible only on xs</label>
									<value>d-block d-sm-none</value>
								</numIndex>
								<numIndex index="7">
									<label>Visible sm and down</label>
									<value>d-block d-md-none</value>
								</numIndex>
								<numIndex index="8">
									<label>Visible md and down</label>
									<value>d-block d-lg-none</value>
								</numIndex>
								<numIndex index="9">
									<label>Visible lg and down</label>
									<value>d-block d-xl-none</value>
								</numIndex>
							</items>
							<default>0</default>
						</config>
					</hidden>
					<vertical>
						<label>Vertical variation</label>
						<config>
							<type>check</type>
						</config>
					</vertical>
					<btnsize>
						<label>LLL:EXT:t3sbootstrap/Resources/Private/Language/locallang_be.xlf:flexforms.button.size</label>
						<config>
							<type>select</type>
							<renderType>selectSingle</renderType>
							<items>
								<numIndex index="0">
									<label>LLL:EXT:t3sbootstrap/Resources/Private/Language/locallang_be.xlf:default</label>
									<value>null</value>
								</numIndex>
								<numIndex index="1">
									<label>LLL:EXT:t3sbootstrap/Resources/Private/Language/locallang_be.xlf:small</label>
									<value>btn-group-sm</value>
								</numIndex>
								<numIndex index="2">
									<label>LLL:EXT:t3sbootstrap/Resources/Private/Language/locallang_be.xlf:large</label>
									<value>btn-group-lg</value>
								</numIndex>
							</items>
							<default>null</default>
						</config>
					</btnsize>
					<align>
						<label>Button Group Alignment</label>
						<config>
							<type>select</type>
							<renderType>selectSingle</renderType>
							<items>
								<numIndex index="0">
									<label>LLL:EXT:t3sbootstrap/Resources/Private/Language/locallang_be.xlf:default</label>
									<value></value>
								</numIndex>
								<numIndex index="1">
									<label>Center</label>
									<value>text-center</value>
								</numIndex>
								<numIndex index="2">
									<label>Right</label>
									<value>text-end</value>
								</numIndex>
								<numIndex index="3">
									<label>Left</label>
									<value>text-start</value>
								</numIndex>
							</items>
							<default></default>
						</config>
					</align>
					<fixedPosition>
						<label>Fixed position</label>
						<onChange>reload</onChange>
						<config>
							<type>select</type>
							<renderType>selectSingle</renderType>
							<items>
								<numIndex index="0">
									<label>none</label>
									<value>0</value>
								</numIndex>
								<numIndex index="1">
									<label>Left browser edge</label>
									<value>left</value>
								</numIndex>
								<numIndex index="2">
									<label>Right browser edge</label>
									<value>right</value>
								</numIndex>
							</items>
							<default>0</default>
						</config>
					</fixedPosition>
					<rotate>
						<label>Rotate the Button</label>
						<displayCond>FIELD:sDEF.fixedPosition:!=:0</displayCond>
						<config>
							<type>select</type>
							<renderType>selectSingle</renderType>
							<items>
								<numIndex index="0">
									<label>0 degree</label>
									<value>0</value>
								</numIndex>
								<numIndex index="1">
									<label>+ 90 degree</label>
									<value>plus</value>
								</numIndex>
								<numIndex index="2">
									<label>- 90 degree</label>
									<value>minus</value>
								</numIndex>
							</items>
							<default>0</default>
						</config>
					</rotate>
					<slideIn>
						<label>Slide In / Slide Out</label>
						<onChange>reload</onChange>
						<description>With "Fixed position = Right browser edge", Vertical variation &amp; FA icon in t3sbs_button</description>
						<displayCond>FIELD:sDEF.fixedPosition:!=:0</displayCond>
						<config>
							<type>check</type>
						</config>
					</slideIn>
					<visiblePart>
						<label>Visible part of the button</label>
						<description>offset to the left specified in px</description>
						<displayCond>FIELD:sDEF.slideIn:=:1</displayCond>
						<config>
							<type>number</type>
							<size>4</size>
							<max>4</max>
							<default>33</default>
							<checkbox>0</checkbox>
							<required>true</required>
						</config>
					</visiblePart>
				</el>
			</ROOT>
		</sDEF>
	</sheets>
</T3DataStructure>
