<T3DataStructure>
	<sheets>
		<sDEF>
			<ROOT>
				<sheetTitle>Settings</sheetTitle>
				<type>array</type>
				<el>
					<active>
						<label>Active</label>
						<config>
							<type>check</type>
						</config>
					</active>
					<style>
						<label>Button Style</label>
						<displayCond>USER:T3SBS\T3sbootstrap\UserFunction\TcaMatcher->isButton</displayCond>
						<config>
							<type>select</type>
							<renderType>selectSingle</renderType>
							<items>
								<numIndex index="0">
									<label>LLL:EXT:t3sbootstrap/Resources/Private/Language/locallang_be.xlf:primary</label>
									<value>primary</value>
								</numIndex>
								<numIndex index="1">
									<label>LLL:EXT:t3sbootstrap/Resources/Private/Language/locallang_be.xlf:secondary</label>
									<value>secondary</value>
								</numIndex>
								<numIndex index="2">
									<label>LLL:EXT:t3sbootstrap/Resources/Private/Language/locallang_be.xlf:success</label>
									<value>success</value>
								</numIndex>
								<numIndex index="3">
									<label>LLL:EXT:t3sbootstrap/Resources/Private/Language/locallang_be.xlf:info</label>
									<value>info</value>
								</numIndex>
								<numIndex index="4">
									<label>LLL:EXT:t3sbootstrap/Resources/Private/Language/locallang_be.xlf:warning</label>
									<value>warning</value>
								</numIndex>
								<numIndex index="5">
									<label>LLL:EXT:t3sbootstrap/Resources/Private/Language/locallang_be.xlf:danger</label>
									<value>danger</value>
								</numIndex>
								<numIndex index="6">
									<label>LLL:EXT:t3sbootstrap/Resources/Private/Language/locallang_be.xlf:light</label>
									<value>light</value>
								</numIndex>
								<numIndex index="7">
									<label>LLL:EXT:t3sbootstrap/Resources/Private/Language/locallang_be.xlf:dark</label>
									<value>dark</value>
								</numIndex>
								<numIndex index="8">
									<label>LLL:EXT:t3sbootstrap/Resources/Private/Language/locallang_be.xlf:link</label>
									<value>link</value>
								</numIndex>
							</items>
							<default>primary</default>
						</config>
					</style>

					<collapsibleByPid>
						<label>Page for the Collapsible Element content (colPos=0)</label>
						<config>
							<type>group</type>
							<allowed>pages</allowed>
							<size>3</size>
							<maxitems>1</maxitems>
							<minitems>0</minitems>
							<show_thumbs>1</show_thumbs>
							<wizards>
								<suggest>
									<type>suggest</type>
									<default>
										<searchWholePhrase>1</searchWholePhrase>
									</default>
								</suggest>
							</wizards>
						</config>
					</collapsibleByPid>
				</el>
			</ROOT>
		</sDEF>
	</sheets>
</T3DataStructure>
