<T3DataStructure>
	<sheets>
		<sDEF>
			<ROOT>
				<sheetTitle>Settings</sheetTitle>
				<type>array</type>
				<el>
					<hidden>
						<label>Hiding / Display Elements</label>
						<config>
							<type>select</type>
							<renderType>selectSingle</renderType>
							<items>
								<numIndex index="0">
									<label>none</label>
									<value>0</value>
								</numIndex>
								<numIndex index="1">
									<label>Hidden only on xs</label>
									<value>d-none d-sm-block</value>
								</numIndex>
								<numIndex index="2">
									<label>Hidden on sm and down</label>
									<value>d-none d-md-block</value>
								</numIndex>
								<numIndex index="3">
									<label>Hidden on md and down</label>
									<value>d-none d-lg-block</value>
								</numIndex>
								<numIndex index="4">
									<label>Hidden on lg and down</label>
									<value>d-none d-xl-block</value>
								</numIndex>
								<numIndex index="5">
									<label>Hidden only on xl</label>
									<value>d-xl-none</value>
								</numIndex>
								<numIndex index="6">
									<label>Visible only on xs</label>
									<value>d-block d-sm-none</value>
								</numIndex>
								<numIndex index="7">
									<label>Visible sm and down</label>
									<value>d-block d-md-none</value>
								</numIndex>
								<numIndex index="8">
									<label>Visible md and down</label>
									<value>d-block d-lg-none</value>
								</numIndex>
								<numIndex index="9">
									<label>Visible lg and down</label>
									<value>d-block d-xl-none</value>
								</numIndex>
							</items>
							<default>0</default>
						</config>
					</hidden>

					<appearance>
						<label>LLL:EXT:t3sbootstrap/Resources/Private/Language/locallang_be.xlf:flexforms.appearance</label>
						<onChange>reload</onChange>
						<config>
							<type>select</type>
							<renderType>selectSingle</renderType>
							<items>
								<numIndex index="0">
									<label>Accordion</label>
									<value>accordion</value>
								</numIndex>
								<numIndex index="1">
									<label>Button</label>
									<value>button</value>
								</numIndex>
							</items>
							<default>accordion</default>
						</config>
					</appearance>

					<alwaysOpen>
						<label>Always open</label>
						<description>stay open when another item is opened</description>
						<config>
							<type>check</type>
						</config>
					</alwaysOpen>

					<flush>
						<label>Flush</label>
						<description>to remove default background-color, borders etc.</description>
						<displayCond>FIELD:sDEF.appearance:=:accordion</displayCond>
						<config>
							<type>check</type>
						</config>
					</flush>


					<style>
						<label>LLL:EXT:t3sbootstrap/Resources/Private/Language/locallang_be.xlf:predefined.styles</label>
						<displayCond>FIELD:sDEF.appearance:=:button</displayCond>
						<config>
							<type>select</type>
							<renderType>selectSingle</renderType>
							<items>
								<numIndex index="0">
									<label>LLL:EXT:t3sbootstrap/Resources/Private/Language/locallang_be.xlf:secondary</label>
									<value>secondary</value>
								</numIndex>
								<numIndex index="1">
									<label>LLL:EXT:t3sbootstrap/Resources/Private/Language/locallang_be.xlf:primary</label>
									<value>primary</value>
								</numIndex>
								<numIndex index="2">
									<label>LLL:EXT:t3sbootstrap/Resources/Private/Language/locallang_be.xlf:success</label>
									<value>success</value>
								</numIndex>
								<numIndex index="3">
									<label>LLL:EXT:t3sbootstrap/Resources/Private/Language/locallang_be.xlf:info</label>
									<value>info</value>
								</numIndex>
								<numIndex index="4">
									<label>LLL:EXT:t3sbootstrap/Resources/Private/Language/locallang_be.xlf:warning</label>
									<value>warning</value>
								</numIndex>
								<numIndex index="5">
									<label>LLL:EXT:t3sbootstrap/Resources/Private/Language/locallang_be.xlf:danger</label>
									<value>danger</value>
								</numIndex>
								<numIndex index="6">
									<label>Dark</label>
									<value>dark</value>
								</numIndex>
								<numIndex index="7">
									<label>light</label>
									<value>light</value>
								</numIndex>
								<numIndex index="8">
									<label>LLL:EXT:t3sbootstrap/Resources/Private/Language/locallang_be.xlf:link</label>
									<value>link</value>
								</numIndex>
							</items>
							<default>secondary</default>
						</config>
					</style>
					<btnsize>
						<label>LLL:EXT:t3sbootstrap/Resources/Private/Language/locallang_be.xlf:flexforms.button.size</label>
						<displayCond>FIELD:sDEF.appearance:=:button</displayCond>
						<displayCond>USER:T3SBS\T3sbootstrap\UserFunction\TcaMatcher->buttonParent</displayCond>
						<config>
							<type>select</type>
							<renderType>selectSingle</renderType>
							<items>
								<numIndex index="0">
									<label>LLL:EXT:t3sbootstrap/Resources/Private/Language/locallang_be.xlf:default</label>
									<value>default</value>
								</numIndex>
								<numIndex index="1">
									<label>LLL:EXT:t3sbootstrap/Resources/Private/Language/locallang_be.xlf:small</label>
									<value>btn-sm</value>
								</numIndex>
								<numIndex index="2">
									<label>LLL:EXT:t3sbootstrap/Resources/Private/Language/locallang_be.xlf:large</label>
									<value>btn-lg</value>
								</numIndex>
							</items>
							<default>default</default>
						</config>
					</btnsize>
					
					
				</el>
			</ROOT>
		</sDEF>
	</sheets>
</T3DataStructure>
