<T3DataStructure>
	<sheets>
		<sDEF>
			<ROOT>
				<sheetTitle>Container Settings</sheetTitle>
				<type>array</type>
				<el>
					<hidden>
						<label>Hiding / Display Elements</label>
						<config>
							<type>select</type>
							<renderType>selectSingle</renderType>
							<items>
								<numIndex index="0">
									<label>none</label>
									<value>0</value>
								</numIndex>
								<numIndex index="1">
									<label>Hidden only on xs</label>
									<value>d-none d-sm-block</value>
								</numIndex>
								<numIndex index="2">
									<label>Hidden on sm and down</label>
									<value>d-none d-md-block</value>
								</numIndex>
								<numIndex index="3">
									<label>Hidden on md and down</label>
									<value>d-none d-lg-block</value>
								</numIndex>
								<numIndex index="4">
									<label>Hidden on lg and down</label>
									<value>d-none d-xl-block</value>
								</numIndex>
								<numIndex index="5">
									<label>Hidden only on xl</label>
									<value>d-xl-none</value>
								</numIndex>
								<numIndex index="6">
									<label>Visible only on xs</label>
									<value>d-block d-sm-none</value>
								</numIndex>
								<numIndex index="7">
									<label>Visible sm and down</label>
									<value>d-block d-md-none</value>
								</numIndex>
								<numIndex index="8">
									<label>Visible md and down</label>
									<value>d-block d-lg-none</value>
								</numIndex>
								<numIndex index="9">
									<label>Visible lg and down</label>
									<value>d-block d-xl-none</value>
								</numIndex>
							</items>
							<default>0</default>
						</config>
					</hidden>
					<colclass>
						<label>Column class</label>
						<description>default: "col-sm-6 col-lg-4 mb-4"</description>
						<config>
							 <type>input</type>
							 <size>40</size>
							 <default>col-sm-6 col-lg-4 mb-4</default>
							 <eval>trim</eval>
						</config>
					</colclass>
				</el>
			</ROOT>
		</sDEF>
	</sheets>
</T3DataStructure>