<T3DataStructure>
	<sheets>
		<general>
			<ROOT>
				<sheetTitle>LLL:EXT:t3sbootstrap/Resources/Private/Language/locallang_be.xlf:flexforms.settings</sheetTitle>
				<type>array</type>
				<el>
					<hidden>
						<label>Hiding / Display Elements</label>
						<config>
							<type>select</type>
							<renderType>selectSingle</renderType>
							<items>
								<numIndex index="0">
									<label>none</label>
									<value>0</value>
								</numIndex>
								<numIndex index="1">
									<label>Hidden only on xs</label>
									<value>d-none d-sm-block</value>
								</numIndex>
								<numIndex index="2">
									<label>Hidden on sm and down</label>
									<value>d-none d-md-block</value>
								</numIndex>
								<numIndex index="3">
									<label>Hidden on md and down</label>
									<value>d-none d-lg-block</value>
								</numIndex>
								<numIndex index="4">
									<label>Hidden on lg and down</label>
									<value>d-none d-xl-block</value>
								</numIndex>
								<numIndex index="5">
									<label>Hidden only on xl</label>
									<value>d-xl-none</value>
								</numIndex>
								<numIndex index="6">
									<label>Visible only on xs</label>
									<value>d-block d-sm-none</value>
								</numIndex>
								<numIndex index="7">
									<label>Visible sm and down</label>
									<value>d-block d-md-none</value>
								</numIndex>
								<numIndex index="8">
									<label>Visible md and down</label>
									<value>d-block d-lg-none</value>
								</numIndex>
								<numIndex index="9">
									<label>Visible lg and down</label>
									<value>d-block d-xl-none</value>
								</numIndex>
							</items>
							<default>0</default>
						</config>
					</hidden>
					<animation>
						<label>LLL:EXT:t3sbootstrap/Resources/Private/Language/locallang_be.xlf:flexforms.animation</label>
						<config>
							<type>check</type>
							<default>1</default>
						</config>
					</animation>
					<size>
						<label>LLL:EXT:t3sbootstrap/Resources/Private/Language/locallang_be.xlf:flexforms.modalsize</label>
						<config>
							<type>select</type>
							<renderType>selectSingle</renderType>
							<items>
								<numIndex index="0">
									<label>LLL:EXT:t3sbootstrap/Resources/Private/Language/locallang_be.xlf:default</label>
									<value>default</value>
								</numIndex>
								<numIndex index="1">
									<label>LLL:EXT:t3sbootstrap/Resources/Private/Language/locallang_be.xlf:small</label>
									<value>modal-sm</value>
								</numIndex>
								<numIndex index="2">
									<label>LLL:EXT:t3sbootstrap/Resources/Private/Language/locallang_be.xlf:large</label>
									<value>modal-lg</value>
								</numIndex>
								<numIndex index="3">
									<label>Extra large</label>
									<value>modal-xl</value>
								</numIndex>
								<numIndex index="4">
									<label>Fullscreen</label>
									<value>modal-fullscreen</value>
								</numIndex>
							</items>
							<default>default</default>
						</config>
					</size>
					<buttonText>
						<label>Link or Button Text (header if empty)</label>
						<config>
							<type>input</type>
							<size>20</size>
							<default></default>
						</config>
					</buttonText>
					<whiteclosebutton>
						<label>White close button</label>
						<config>
							<type>check</type>
							<default>0</default>
						</config>
					</whiteclosebutton>
					<button>
						<label>LLL:EXT:t3sbootstrap/Resources/Private/Language/locallang_be.xlf:flexforms.usebutton</label>
							<onChange>reload</onChange>
						<config>
							<type>check</type>
							<default>1</default>
						</config>
					</button>
					<style>
						<label>LLL:EXT:t3sbootstrap/Resources/Private/Language/locallang_be.xlf:flexforms.buttonstyle</label>
						<displayCond>FIELD:general.button:=:1</displayCond>
						<config>
							<type>select</type>
							<renderType>selectSingle</renderType>
							<items>
								<numIndex index="0">
									<label>LLL:EXT:t3sbootstrap/Resources/Private/Language/locallang_be.xlf:default</label>
									<value>default</value>
								</numIndex>
								<numIndex index="1">
									<label>LLL:EXT:t3sbootstrap/Resources/Private/Language/locallang_be.xlf:primary</label>
									<value>primary</value>
								</numIndex>
								<numIndex index="2">
									<label>LLL:EXT:t3sbootstrap/Resources/Private/Language/locallang_be.xlf:success</label>
									<value>success</value>
								</numIndex>
								<numIndex index="3">
									<label>LLL:EXT:t3sbootstrap/Resources/Private/Language/locallang_be.xlf:info</label>
									<value>info</value>
								</numIndex>
								<numIndex index="4">
									<label>LLL:EXT:t3sbootstrap/Resources/Private/Language/locallang_be.xlf:warning</label>
									<value>warning</value>
								</numIndex>
								<numIndex index="5">
									<label>LLL:EXT:t3sbootstrap/Resources/Private/Language/locallang_be.xlf:danger</label>
									<value>danger</value>
								</numIndex>
							</items>
							<default>default</default>
						</config>
					</style>
					<fixedPosition>
						<label>Fixed position</label>
						<onChange>reload</onChange>
						<displayCond>FIELD:general.button:=:1</displayCond>
						<config>
							<type>select</type>
							<renderType>selectSingle</renderType>
							<items>
								<numIndex index="0">
									<label>none</label>
									<value>0</value>
								</numIndex>
								<numIndex index="1">
									<label>Left browser edge</label>
									<value>left</value>
								</numIndex>
								<numIndex index="2">
									<label>Right browser edge</label>
									<value>right</value>
								</numIndex>
							</items>
							<default>0</default>
						</config>
					</fixedPosition>
					<rotate>
						<label>Rotate the Button</label>
						<displayCond>
							<AND>
								<numIndex index="0">FIELD:general.button:=:1</numIndex>
								<numIndex index="1">FIELD:general.fixedPosition:!=:0</numIndex>
							</AND>
						</displayCond>
						<config>
							<type>select</type>
							<renderType>selectSingle</renderType>
							<items>
								<numIndex index="0">
									<label>0 degree</label>
									<value>0</value>
								</numIndex>
								<numIndex index="1">
									<label>+ 90 degree</label>
									<value>plus</value>
								</numIndex>
								<numIndex index="2">
									<label>- 90 degree</label>
									<value>minus</value>
								</numIndex>
							</items>
							<default>0</default>
						</config>
					</rotate>
				</el>
			</ROOT>
		</general>
	</sheets>
</T3DataStructure>
