<T3DataStructure>
	<sheets>
		<sDEF>
			<ROOT>
				<sheetTitle>LLL:EXT:t3sbootstrap/Resources/Private/Language/locallang_be.xlf:flexforms.settings</sheetTitle>
				<type>array</type>
				<el>
					<hidden>
						<label>Hiding / Display Elements</label>
						<config>
							<type>select</type>
							<renderType>selectSingle</renderType>
							<items>
								<numIndex index="0">
									<label>none</label>
									<value>0</value>
								</numIndex>
								<numIndex index="1">
									<label>Hidden only on xs</label>
									<value>d-none d-sm-block</value>
								</numIndex>
								<numIndex index="2">
									<label>Hidden on sm and down</label>
									<value>d-none d-md-block</value>
								</numIndex>
								<numIndex index="3">
									<label>Hidden on md and down</label>
									<value>d-none d-lg-block</value>
								</numIndex>
								<numIndex index="4">
									<label>Hidden on lg and down</label>
									<value>d-none d-xl-block</value>
								</numIndex>
								<numIndex index="5">
									<label>Hidden only on xl</label>
									<value>d-xl-none</value>
								</numIndex>
								<numIndex index="6">
									<label>Visible only on xs</label>
									<value>d-block d-sm-none</value>
								</numIndex>
								<numIndex index="7">
									<label>Visible sm and down</label>
									<value>d-block d-md-none</value>
								</numIndex>
								<numIndex index="8">
									<label>Visible md and down</label>
									<value>d-block d-lg-none</value>
								</numIndex>
								<numIndex index="9">
									<label>Visible lg and down</label>
									<value>d-block d-xl-none</value>
								</numIndex>
							</items>
							<default>0</default>
						</config>
					</hidden>

					<contentByPid>
						<label>Page for the Tab Element content (colPos=0)</label>
						<config>
							<type>group</type>
							<allowed>pages</allowed>
							<size>3</size>
							<maxitems>1</maxitems>
							<minitems>0</minitems>
							<show_thumbs>1</show_thumbs>
							<wizards>
								<suggest>
									<type>suggest</type>
									<default>
										<searchWholePhrase>1</searchWholePhrase>
									</default>
								</suggest>
							</wizards>
						</config>
					</contentByPid>
				</el>
			</ROOT>
		</sDEF>
	</sheets>
</T3DataStructure>
