<T3DataStructure>
	<sheets>
		<sDEF>
			<ROOT>
				<sheetTitle>Settings</sheetTitle>
				<type>array</type>
				<el>
					<equalWidth>
						<label>Equal width</label>
						<onChange>reload</onChange>
						<config>
							<type>check</type>
							<default>0</default>
						</config>
					</equalWidth>
					<equalHeight>
						<label>Equal height</label>
						<config>
							<type>check</type>
							<default>0</default>
						</config>
					</equalHeight>
					<horizontalGutters>
						<label>Horizontal gutters</label>
						<description>INFO: https://getbootstrap.com/docs/5.1/layout/gutters/#horizontal-gutters</description>
						<config>
							<type>select</type>
							<renderType>selectSingle</renderType>
							<items>
								<numIndex index="0">
									<label>gx-0 (no gutters)</label>
									<value>gx-0</value>
								</numIndex>
								<numIndex index="1">
									<label>gx-1</label>
									<value>gx-1</value>
								</numIndex>
								<numIndex index="2">
									<label>gx-2</label>
									<value>gx-2</value>
								</numIndex>
								<numIndex index="3">
									<label>gx-3</label>
									<value>gx-3</value>
								</numIndex>
								<numIndex index="4">
									<label>gx-4 (default)</label>
									<value></value>
								</numIndex>
								<numIndex index="5">
									<label>gx-5</label>
									<value>gx-5</value>
								</numIndex>
							</items>
							<default></default>
						</config>
					</horizontalGutters>
					<verticalGutters>
						<label>Vertical gutters</label>
						<description>INFO: https://getbootstrap.com/docs/5.1/layout/gutters/#vertical-gutters</description>
						<config>
							<type>select</type>
							<renderType>selectSingle</renderType>
							<items>
								<numIndex index="0">
									<label>gy-0 (no gutters)</label>
									<value>gy-0</value>
								</numIndex>
								<numIndex index="1">
									<label>gy-1</label>
									<value>gy-1</value>
								</numIndex>
								<numIndex index="2">
									<label>gy-2</label>
									<value>gy-2</value>
								</numIndex>
								<numIndex index="3">
									<label>gy-3</label>
									<value>gy-3</value>
								</numIndex>
								<numIndex index="4">
									<label>gy-4 (default)</label>
									<value></value>
								</numIndex>
								<numIndex index="5">
									<label>gy-5</label>
									<value>gy-5</value>
								</numIndex>
							</items>
							<default></default>
						</config>
					</verticalGutters>
					<colHeight>
						<label>Min.-Height of the Element</label>
						<onChange>reload</onChange>
						<displayCond>FIELD:Bgimage.bgimages:>:0</displayCond>
						<config>
							<type>number</type>
							<size>3</size>
							<default>0</default>
						</config>
					</colHeight>
					<verticalAlign>
						<label>Vertical Align for Content</label>
						<displayCond>FIELD:Bgimage.bgimages:>:0</displayCond>
						<config>
							<type>select</type>
							<renderType>selectSingle</renderType>
							<items>
								<numIndex index="0">
									<label>top</label>
									<value>start</value>
								</numIndex>
								<numIndex index="1">
									<label>center</label>
									<value>center</value>
								</numIndex>
								<numIndex index="2">
									<label>bottom</label>
									<value>end</value>
								</numIndex>
							</items>
							<default>start</default>
						</config>
					</verticalAlign>
				</el>
			</ROOT>
		</sDEF>
		<Bgimage>
			<ROOT>
				<sheetTitle>Background Images</sheetTitle>
				<type>array</type>
				<el>
					<bgimages>
						<label>Background-Images</label>
						<onChange>reload</onChange>
						<config>
							 <type>file</type>
							 <maxitems>2</maxitems>
							 <allowed>common-image-types</allowed>
						</config>
					</bgimages>
					<bgimagePosition>
						<label>Background Image Position (left or right column)</label>
						<displayCond>FIELD:Bgimage.bgimages:>:0</displayCond>
						<config>
							<type>select</type>
							<renderType>selectSingle</renderType>
							<items>
								<numIndex index="0">
									<label>left</label>
									<value>1</value>
								</numIndex>
								<numIndex index="1">
									<label>right</label>
									<value>2</value>
								</numIndex>
								<numIndex index="2">
									<label>both</label>
									<value>3</value>
								</numIndex>
							</items>
							<default>1</default>
						</config>
					</bgimagePosition>
					<bgimageSize>
						<label>Background image size</label>
						<displayCond>FIELD:Bgimage.bgimages:>:0</displayCond>
						<config>
							<type>select</type>
							<renderType>selectSingle</renderType>
							<items>
								<numIndex index="0">
									<label>cover</label>
									<value>cover</value>
								</numIndex>
								<numIndex index="1">
									<label>contain</label>
									<value>contain</value>
								</numIndex>
							</items>
							<default>cover</default>
						</config>
					</bgimageSize>
				</el>
			</ROOT>
		</Bgimage>
		<extraClass>
			<ROOT>
				<sheetTitle>Extra Class</sheetTitle>
				<type>array</type>
				<el>
					<extraClass_one>
						<label>LLL:EXT:t3sbootstrap/Resources/Private/Language/locallang_be.xlf:tx_container.anyColumns.colPos.0</label>
						<config>
							<type>input</type>
						</config>
					</extraClass_one>
					<extraClass_two>
						<label>LLL:EXT:t3sbootstrap/Resources/Private/Language/locallang_be.xlf:tx_container.anyColumns.colPos.1</label>
						<config>
							<type>input</type>
						</config>
					</extraClass_two>
				</el>
			</ROOT>
		</extraClass>
		<md>
			<ROOT>
				<sheetTitle>Col-md-*</sheetTitle>
				<type>array</type>
				<el>
					<md_one>
						<label>LLL:EXT:t3sbootstrap/Resources/Private/Language/locallang_be.xlf:tx_container.anyColumns.colPos.0</label>
						<displayCond>FIELD:sDEF.equalWidth:=:0</displayCond>
						<config>
							<type>select</type>
							<renderType>selectSingle</renderType>
							<items>
								<numIndex index="0">
									<label>0</label>
									<value></value>
								</numIndex>
								<numIndex index="1">
									<label>1</label>
									<value>1</value>
								</numIndex>
								<numIndex index="2">
									<label>2</label>
									<value>2</value>
								</numIndex>
								<numIndex index="3">
									<label>3</label>
									<value>3</value>
								</numIndex>
								<numIndex index="4">
									<label>4</label>
									<value>4</value>
								</numIndex>
								<numIndex index="5">
									<label>5</label>
									<value>5</value>
								</numIndex>
								<numIndex index="6">
									<label>6</label>
									<value>6</value>
								</numIndex>
								<numIndex index="7">
									<label>7</label>
									<value>7</value>
								</numIndex>
								<numIndex index="8">
									<label>8</label>
									<value>8</value>
								</numIndex>
								<numIndex index="9">
									<label>9</label>
									<value>9</value>
								</numIndex>
								<numIndex index="10">
									<label>10</label>
									<value>10</value>
								</numIndex>
								<numIndex index="11">
									<label>11</label>
									<value>11</value>
								</numIndex>
								<numIndex index="12">
									<label>12</label>
									<value>12</value>
								</numIndex>
								<numIndex index="13">
									<label>auto (size columns based on the natural width of their content)</label>
									<value>auto</value>
								</numIndex>
							</items>
							<default>6</default>
						</config>
					</md_one>
					<md_two>
						<label>LLL:EXT:t3sbootstrap/Resources/Private/Language/locallang_be.xlf:tx_container.anyColumns.colPos.1</label>
						<displayCond>FIELD:sDEF.equalWidth:=:0</displayCond>
						<config>
							<type>select</type>
							<renderType>selectSingle</renderType>
							<items>
								<numIndex index="0">
									<label>0</label>
									<value></value>
								</numIndex>
								<numIndex index="1">
									<label>1</label>
									<value>1</value>
								</numIndex>
								<numIndex index="2">
									<label>2</label>
									<value>2</value>
								</numIndex>
								<numIndex index="3">
									<label>3</label>
									<value>3</value>
								</numIndex>
								<numIndex index="4">
									<label>4</label>
									<value>4</value>
								</numIndex>
								<numIndex index="5">
									<label>5</label>
									<value>5</value>
								</numIndex>
								<numIndex index="6">
									<label>6</label>
									<value>6</value>
								</numIndex>
								<numIndex index="7">
									<label>7</label>
									<value>7</value>
								</numIndex>
								<numIndex index="8">
									<label>8</label>
									<value>8</value>
								</numIndex>
								<numIndex index="9">
									<label>9</label>
									<value>9</value>
								</numIndex>
								<numIndex index="10">
									<label>10</label>
									<value>10</value>
								</numIndex>
								<numIndex index="11">
									<label>11</label>
									<value>11</value>
								</numIndex>
								<numIndex index="12">
									<label>12</label>
									<value>12</value>
								</numIndex>
								<numIndex index="13">
									<label>auto (size columns based on the natural width of their content)</label>
									<value>auto</value>
								</numIndex>
							</items>
							<default>6</default>
						</config>
					</md_two>
				</el>
			</ROOT>
		</md>
	</sheets>
</T3DataStructure>
